ENSEMBL ID,label
ENSG00000213963,0
ENSG00000281450,0
ENSG00000205056,0
ENSG00000258667,1
ENSG00000233077,0
ENSG00000272301,1
ENSG00000237087,0
ENSG00000279283,0
ENSG00000231770,1
ENSG00000272853,1
ENSG00000271997,0
ENSG00000275703,0
ENSG00000266900,0
ENSG00000261584,0
ENSG00000280077,1
ENSG00000271781,0
ENSG00000282418,0
ENSG00000224090,0
ENSG00000229591,0
ENSG00000247095,0
ENSG00000247624,0
ENSG00000276116,1
ENSG00000259584,0
ENSG00000265778,0
ENSG00000261790,0
ENSG00000272754,0
ENSG00000272854,0
ENSG00000261351,1
ENSG00000267605,1
ENSG00000267868,1
ENSG00000277534,1
ENSG00000278784,1
ENSG00000215304,0
ENSG00000268555,1
ENSG00000270681,1
ENSG00000262001,1
ENSG00000253696,0
ENSG00000267325,0
ENSG00000261183,1
ENSG00000247516,0
ENSG00000214248,0
ENSG00000254510,0
ENSG00000226328,0
ENSG00000231698,1
ENSG00000231760,1
ENSG00000274213,0
ENSG00000256577,1
ENSG00000278900,0
ENSG00000261324,1
ENSG00000253669,1
ENSG00000261655,0
ENSG00000270919,0
ENSG00000253320,1
ENSG00000283103,1
ENSG00000261135,1
ENSG00000271880,0
ENSG00000279792,0
ENSG00000259083,0
ENSG00000234617,1
ENSG00000250343,0
ENSG00000235994,1
ENSG00000260942,1
ENSG00000228412,0
ENSG00000205632,0
ENSG00000251292,0
ENSG00000276509,1
ENSG00000279331,0
ENSG00000179066,0
ENSG00000260672,0
ENSG00000231064,0
ENSG00000215067,0
ENSG00000279781,0
ENSG00000228554,0
ENSG00000281468,1
ENSG00000262468,1
ENSG00000228791,0
ENSG00000228315,0
ENSG00000225868,1
ENSG00000227678,0
ENSG00000272572,0
ENSG00000269908,0
ENSG00000226067,1
ENSG00000228444,0
ENSG00000257135,1
ENSG00000226332,0
ENSG00000273038,0
ENSG00000232940,1
ENSG00000187013,1
ENSG00000225194,0
ENSG00000257883,0
ENSG00000259920,0
ENSG00000277017,1
ENSG00000239265,0
ENSG00000225234,0
ENSG00000236333,0
ENSG00000279809,1
ENSG00000267002,0
ENSG00000255135,1
ENSG00000233896,0
ENSG00000235530,1
ENSG00000223390,1
ENSG00000257086,0
ENSG00000179859,1
ENSG00000278177,1
ENSG00000256654,0
ENSG00000273355,1
ENSG00000261159,1
ENSG00000227908,1
ENSG00000261220,1
ENSG00000281026,1
ENSG00000226950,1
ENSG00000257613,0
ENSG00000259450,0
ENSG00000236833,1
ENSG00000267288,0
ENSG00000277945,1
ENSG00000241472,1
ENSG00000261173,0
ENSG00000233967,0
ENSG00000272638,0
ENSG00000245532,1
ENSG00000261404,0
ENSG00000279228,1
ENSG00000225285,0
ENSG00000189229,0
ENSG00000279801,0
ENSG00000255595,0
ENSG00000275894,0
ENSG00000237807,0
ENSG00000262454,1
ENSG00000279502,0
ENSG00000131484,0
ENSG00000212978,1
ENSG00000249087,1
ENSG00000272419,0
ENSG00000279394,0
ENSG00000275830,0
ENSG00000268896,0
ENSG00000261441,1
ENSG00000270823,0
ENSG00000273249,0
ENSG00000260114,1
ENSG00000279853,0
ENSG00000261121,0
ENSG00000227392,0
ENSG00000259831,0
ENSG00000237978,1
ENSG00000268713,1
ENSG00000274090,1
ENSG00000251165,0
ENSG00000255794,1
ENSG00000261634,1
ENSG00000273366,0
ENSG00000257379,0
ENSG00000229847,0
ENSG00000273335,1
ENSG00000277831,1
ENSG00000255507,1
ENSG00000224592,0
ENSG00000233930,0
ENSG00000236502,0
ENSG00000270175,1
ENSG00000253438,0
ENSG00000268996,1
ENSG00000225493,0
ENSG00000225489,0
ENSG00000233682,0
ENSG00000246090,0
ENSG00000260498,0
ENSG00000244041,1
ENSG00000231025,1
ENSG00000224903,1
ENSG00000235106,1
ENSG00000276931,0
ENSG00000278383,0
ENSG00000279254,0
ENSG00000228436,0
ENSG00000268650,1
ENSG00000230955,0
ENSG00000282961,0
ENSG00000240045,1
ENSG00000272472,1
ENSG00000267636,1
ENSG00000226900,1
ENSG00000272918,0
ENSG00000278975,0
ENSG00000275426,1
ENSG00000259666,0
ENSG00000262089,1
ENSG00000179219,0
ENSG00000222012,0
ENSG00000248858,0
ENSG00000225444,0
ENSG00000280119,0
ENSG00000279608,0
ENSG00000282143,0
ENSG00000204261,0
ENSG00000279672,0
ENSG00000279303,1
ENSG00000273576,0
ENSG00000267939,1
ENSG00000272259,0
ENSG00000271200,0
ENSG00000231249,1
ENSG00000275620,0
ENSG00000247775,0
ENSG00000231976,0
ENSG00000268001,1
ENSG00000273356,0
ENSG00000259264,1
ENSG00000235024,0
ENSG00000268307,0
ENSG00000254365,1
ENSG00000260249,0
ENSG00000245281,0
ENSG00000278996,0
ENSG00000278668,0
ENSG00000184441,0
ENSG00000269834,1
ENSG00000264885,1
ENSG00000223573,1
ENSG00000248936,0
ENSG00000279756,0
ENSG00000239911,1
ENSG00000260837,1
ENSG00000228109,0
ENSG00000264717,1
ENSG00000270035,0
ENSG00000251226,1
ENSG00000250433,0
ENSG00000213600,0
ENSG00000253917,0
ENSG00000251460,0
ENSG00000259416,0
ENSG00000222000,0
ENSG00000224032,1
ENSG00000276071,0
ENSG00000279873,0
ENSG00000278627,1
ENSG00000272690,0
ENSG00000280953,0
ENSG00000279886,1
ENSG00000279535,1
ENSG00000273093,0
ENSG00000278974,0
ENSG00000272588,0
ENSG00000280166,0
ENSG00000250874,0
ENSG00000267470,0
ENSG00000172965,0
ENSG00000237390,0
ENSG00000268403,1
ENSG00000232044,0
ENSG00000228201,0
ENSG00000223396,1
ENSG00000283064,0
ENSG00000280303,0
ENSG00000217702,0
ENSG00000258512,0
ENSG00000278887,1
ENSG00000256802,0
ENSG00000272068,0
ENSG00000267309,0
ENSG00000257621,1
ENSG00000224046,1
ENSG00000235023,0
ENSG00000258498,0
ENSG00000253865,0
ENSG00000251432,0
ENSG00000278916,1
ENSG00000224243,0
ENSG00000244459,1
ENSG00000240137,0
ENSG00000282944,0
ENSG00000258592,0
ENSG00000260091,0
ENSG00000273416,0
ENSG00000269220,0
ENSG00000259659,1
ENSG00000205592,0
ENSG00000279017,0
ENSG00000280239,0
ENSG00000279841,0
ENSG00000225511,0
ENSG00000230098,1
ENSG00000261848,1
ENSG00000259868,0
ENSG00000242791,1
ENSG00000267395,0
ENSG00000267058,1
ENSG00000261094,1
ENSG00000207955,0
ENSG00000280136,0
ENSG00000270956,0
ENSG00000269054,0
ENSG00000223891,1
ENSG00000223768,1
ENSG00000235142,1
ENSG00000279637,0
ENSG00000279103,1
ENSG00000279369,0
ENSG00000279557,1
ENSG00000272161,0
ENSG00000280384,0
ENSG00000225361,0
ENSG00000233061,0
ENSG00000259438,1
ENSG00000259088,1
ENSG00000255618,1
ENSG00000205740,0
ENSG00000223502,1
ENSG00000249406,0
ENSG00000273478,0
ENSG00000227398,0
ENSG00000280422,1
ENSG00000250075,0
ENSG00000245694,1
ENSG00000260772,1
ENSG00000250994,0
ENSG00000276107,0
ENSG00000231652,0
ENSG00000237476,0
ENSG00000231703,1
ENSG00000277701,0
ENSG00000272121,1
ENSG00000279589,0
ENSG00000214106,0
ENSG00000280129,0
ENSG00000227165,0
ENSG00000239636,0
ENSG00000250392,1
ENSG00000260563,0
ENSG00000262801,0
ENSG00000225791,0
ENSG00000269609,0
ENSG00000279827,0
ENSG00000279357,0
ENSG00000188477,0
ENSG00000203875,1
ENSG00000259495,1
ENSG00000250635,0
ENSG00000282772,0
ENSG00000280229,0
ENSG00000270361,0
ENSG00000261342,0
ENSG00000279999,0
ENSG00000270659,1
ENSG00000249421,0
ENSG00000183308,0
ENSG00000256538,0
ENSG00000180712,1
ENSG00000260021,1
ENSG00000278743,0
ENSG00000272079,0
ENSG00000279356,0
ENSG00000225484,1
ENSG00000270055,1
ENSG00000279631,0
ENSG00000203865,1
ENSG00000270972,0
ENSG00000260988,1
ENSG00000279070,1
ENSG00000229589,0
ENSG00000272719,0
ENSG00000272970,1
ENSG00000235531,0
ENSG00000235423,0
ENSG00000273164,0
ENSG00000270112,0
ENSG00000274565,0
ENSG00000258827,0
ENSG00000255471,1
ENSG00000237463,0
ENSG00000245910,1
ENSG00000225794,0
ENSG00000273951,0
ENSG00000272677,0
ENSG00000264727,1
ENSG00000203635,0
ENSG00000261335,1
ENSG00000268220,0
ENSG00000227388,0
ENSG00000203721,1
ENSG00000203739,0
ENSG00000280214,0
ENSG00000266258,1
ENSG00000272049,1
ENSG00000280431,0
ENSG00000277863,0
ENSG00000224745,0
ENSG00000196756,0
ENSG00000253266,1
ENSG00000230555,1
ENSG00000276791,0
ENSG00000228989,0
ENSG00000226816,1
ENSG00000260136,1
ENSG00000206567,1
ENSG00000274987,1
ENSG00000276846,1
ENSG00000241163,0
ENSG00000225683,0
ENSG00000272255,0
ENSG00000222041,1
ENSG00000260123,1
ENSG00000276417,0
ENSG00000269019,0
ENSG00000246308,1
ENSG00000235884,0
ENSG00000274220,1
ENSG00000233073,0
ENSG00000225936,0
ENSG00000269815,1
ENSG00000278970,1
ENSG00000281358,0
ENSG00000267053,1
ENSG00000251604,0
ENSG00000205959,0
ENSG00000259865,1
ENSG00000235590,0
ENSG00000274653,0
ENSG00000218416,1
ENSG00000273032,0
ENSG00000177112,0
ENSG00000248893,0
ENSG00000260037,0
ENSG00000238230,0
ENSG00000206573,1
ENSG00000149656,0
ENSG00000261438,1
ENSG00000268649,0
ENSG00000273210,1
ENSG00000266962,1
ENSG00000259049,1
ENSG00000231889,1
ENSG00000225177,0
ENSG00000230798,1
ENSG00000227630,1
ENSG00000237188,0
ENSG00000272420,1
ENSG00000227964,0
ENSG00000275216,0
ENSG00000233806,0
ENSG00000260035,1
ENSG00000279417,1
ENSG00000278772,0
ENSG00000254694,0
ENSG00000273106,1
ENSG00000219545,1
ENSG00000279766,0
ENSG00000234261,0
ENSG00000270141,0
ENSG00000246130,1
ENSG00000267197,0
ENSG00000244649,1
ENSG00000248890,1
ENSG00000260693,0
ENSG00000279882,1
ENSG00000247934,1
ENSG00000227082,0
ENSG00000259129,0
ENSG00000274272,0
ENSG00000278963,0
ENSG00000233230,1
ENSG00000272489,1
ENSG00000279908,0
ENSG00000244757,0
ENSG00000260778,0
ENSG00000271941,0
ENSG00000281398,1
ENSG00000261251,0
ENSG00000243069,1
ENSG00000228140,0
ENSG00000280063,0
ENSG00000260442,1
ENSG00000254377,0
ENSG00000275880,1
ENSG00000231510,1
ENSG00000233672,1
ENSG00000279519,0
ENSG00000254010,0
ENSG00000255455,0
ENSG00000261879,0
ENSG00000267348,0
ENSG00000280010,1
ENSG00000227603,1
ENSG00000263394,0
ENSG00000266680,0
ENSG00000250764,0
ENSG00000267787,0
ENSG00000205837,0
ENSG00000261804,0
ENSG00000248872,1
ENSG00000246145,0
ENSG00000255857,0
ENSG00000271734,0
ENSG00000271646,1
ENSG00000232104,0
ENSG00000278202,0
ENSG00000241764,1
ENSG00000267327,0
ENSG00000266844,0
ENSG00000215039,1
ENSG00000249655,0
ENSG00000232098,0
ENSG00000214293,1
ENSG00000272142,1
ENSG00000276131,1
ENSG00000277767,1
ENSG00000230084,0
ENSG00000259459,1
ENSG00000253649,0
ENSG00000226864,0
ENSG00000128254,0
ENSG00000261754,1
ENSG00000231459,0
ENSG00000253553,0
ENSG00000273363,0
ENSG00000237301,0
ENSG00000273036,0
ENSG00000255737,1
ENSG00000273180,1
ENSG00000282033,1
ENSG00000231806,1
ENSG00000267757,1
ENSG00000234264,1
ENSG00000268362,0
ENSG00000274996,0
ENSG00000279253,0
ENSG00000257894,1
ENSG00000270673,0
ENSG00000259721,1
ENSG00000237945,0
ENSG00000272221,1
ENSG00000277383,0
ENSG00000228606,0
ENSG00000272695,1
ENSG00000280351,0
ENSG00000225541,0
ENSG00000254231,0
ENSG00000280278,0
ENSG00000248476,0
ENSG00000273284,0
ENSG00000269037,1
ENSG00000258876,0
ENSG00000280247,0
ENSG00000273183,0
ENSG00000271737,1
ENSG00000255240,0
ENSG00000273107,1
ENSG00000266538,0
ENSG00000254427,0
ENSG00000260588,0
ENSG00000278192,0
ENSG00000274993,0
ENSG00000261008,0
ENSG00000267069,0
ENSG00000275106,0
ENSG00000240291,1
ENSG00000257038,0
ENSG00000253522,1
ENSG00000279759,0
ENSG00000278611,1
ENSG00000227115,0
ENSG00000275569,0
ENSG00000278861,1
ENSG00000245719,1
ENSG00000279041,0
ENSG00000255474,1
ENSG00000247363,1
ENSG00000274105,0
ENSG00000277511,1
ENSG00000242474,0
ENSG00000280078,0
ENSG00000261644,1
ENSG00000277687,1
ENSG00000254854,1
ENSG00000267390,0
ENSG00000237512,1
ENSG00000273102,1
ENSG00000237021,1
ENSG00000250366,1
ENSG00000273650,0
ENSG00000241316,0
ENSG00000245857,0
ENSG00000266490,0
ENSG00000278969,0
ENSG00000246334,0
ENSG00000230937,0
ENSG00000266998,0
ENSG00000280997,0
ENSG00000250934,0
ENSG00000279943,0
ENSG00000236935,0
ENSG00000264527,0
ENSG00000259485,0
ENSG00000276434,1
ENSG00000279726,0
ENSG00000242104,0
ENSG00000275155,0
ENSG00000267265,0
ENSG00000273485,0
ENSG00000273448,1
ENSG00000279925,1
ENSG00000224050,1
ENSG00000279742,0
ENSG00000227518,1
ENSG00000263427,1
ENSG00000279407,1
ENSG00000266916,1
ENSG00000226562,0
ENSG00000264575,1
ENSG00000204044,1
ENSG00000203527,0
ENSG00000179082,0
ENSG00000247011,0
ENSG00000272334,1
ENSG00000218109,1
ENSG00000259690,0
ENSG00000228288,0
ENSG00000267698,0
ENSG00000229243,0
ENSG00000273221,1
ENSG00000279923,0
ENSG00000280385,0
ENSG00000253596,1
ENSG00000279095,0
ENSG00000268658,0
ENSG00000241956,0
ENSG00000273466,0
ENSG00000280365,0
ENSG00000239482,1
ENSG00000261550,0
ENSG00000230658,1
ENSG00000250846,0
ENSG00000272915,1
ENSG00000229525,1
ENSG00000260500,0
ENSG00000274677,0
ENSG00000225975,1
ENSG00000267424,1
ENSG00000258768,1
ENSG00000230606,0
ENSG00000261051,0
ENSG00000230366,0
ENSG00000237152,0
ENSG00000275964,1
ENSG00000248468,1
ENSG00000279026,0
ENSG00000249637,0
ENSG00000248015,0
ENSG00000269906,1
ENSG00000215241,0
ENSG00000268061,1
ENSG00000266053,1
ENSG00000225855,0
ENSG00000275383,0
ENSG00000278012,1
ENSG00000250241,0
ENSG00000273082,0
ENSG00000244513,1
ENSG00000257711,1
ENSG00000270279,0
ENSG00000268836,0
ENSG00000254028,1
ENSG00000280399,0
ENSG00000260751,1
ENSG00000276216,1
ENSG00000261353,1
ENSG00000203307,0
ENSG00000274460,1
ENSG00000276223,0
ENSG00000275542,0
ENSG00000276077,1
ENSG00000273321,1
ENSG00000275645,1
ENSG00000214922,0
ENSG00000274922,0
ENSG00000257622,0
ENSG00000275720,0
ENSG00000279970,0
ENSG00000234899,1
ENSG00000269910,0
ENSG00000276445,1
ENSG00000255571,0
ENSG00000268496,0
ENSG00000273297,1
ENSG00000229728,0
ENSG00000245571,0
ENSG00000267659,0
ENSG00000257027,0
ENSG00000248027,1
ENSG00000272192,1
ENSG00000274333,0
ENSG00000262050,1
ENSG00000261242,0
ENSG00000272008,1
ENSG00000275927,0
ENSG00000232504,0
ENSG00000179818,1
ENSG00000279649,0
ENSG00000269275,0
ENSG00000271360,1
ENSG00000273821,0
ENSG00000214770,0
ENSG00000267169,0
ENSG00000261254,1
ENSG00000271937,0
ENSG00000215256,1
ENSG00000280047,1
ENSG00000276649,0
ENSG00000256417,0
ENSG00000269956,1
ENSG00000260532,0
ENSG00000269600,1
ENSG00000235314,1
ENSG00000246211,0
ENSG00000264107,1
ENSG00000281649,1
ENSG00000278200,0
ENSG00000259905,0
ENSG00000256288,0
ENSG00000279064,0
ENSG00000273243,0
ENSG00000267583,0
ENSG00000273314,1
ENSG00000259426,0
ENSG00000279665,0
ENSG00000226673,0
ENSG00000232057,1
ENSG00000267080,0
ENSG00000258325,1
ENSG00000276517,0
ENSG00000224945,0
ENSG00000277368,0
ENSG00000272505,0
ENSG00000271347,1
ENSG00000268895,0
ENSG00000228126,1
ENSG00000242540,0
ENSG00000232671,1
ENSG00000267387,0
ENSG00000281491,0
ENSG00000273133,0
ENSG00000259757,0
ENSG00000241860,0
ENSG00000237647,0
ENSG00000241359,0
ENSG00000255036,0
ENSG00000181097,0
ENSG00000236778,0
ENSG00000271966,1
ENSG00000272659,1
ENSG00000231721,0
ENSG00000267776,0
ENSG00000236673,0
ENSG00000277420,0
ENSG00000260936,1
ENSG00000256742,0
ENSG00000249700,0
ENSG00000273211,1
ENSG00000205622,0
ENSG00000278576,0
ENSG00000272223,0
ENSG00000280018,0
ENSG00000261840,0
ENSG00000272848,0
ENSG00000226445,0
ENSG00000254349,1
ENSG00000259959,1
ENSG00000204091,0
ENSG00000278834,1
ENSG00000228223,1
ENSG00000245768,1
ENSG00000261061,1
ENSG00000235570,0
ENSG00000249348,0
ENSG00000257176,0
ENSG00000189275,0
ENSG00000260231,1
ENSG00000259548,1
ENSG00000265625,0
ENSG00000261737,1
ENSG00000234608,1
ENSG00000257839,1
ENSG00000273080,1
ENSG00000248866,1
ENSG00000267364,1
ENSG00000255129,1
ENSG00000256995,0
ENSG00000260583,0
ENSG00000260179,0
ENSG00000237361,0
ENSG00000247708,0
ENSG00000272159,0
ENSG00000277692,0
ENSG00000177738,1
ENSG00000260293,0
ENSG00000259577,1
ENSG00000272501,1
ENSG00000277728,1
ENSG00000257242,0
ENSG00000261226,0
ENSG00000259713,0
ENSG00000273142,0
ENSG00000267128,0
ENSG00000246889,0
ENSG00000259456,1
ENSG00000235192,0
ENSG00000231789,1
ENSG00000269293,1
ENSG00000278071,1
ENSG00000256116,0
ENSG00000251661,0
ENSG00000242770,0
ENSG00000282807,1
ENSG00000233184,1
ENSG00000271216,0
ENSG00000270419,0
ENSG00000248092,0
ENSG00000254275,0
ENSG00000234432,0
ENSG00000279140,1
ENSG00000266256,0
ENSG00000273311,0
ENSG00000261140,0
ENSG00000188693,1
ENSG00000273987,1
ENSG00000237857,1
ENSG00000239791,0
ENSG00000234273,1
ENSG00000233885,0
ENSG00000239665,0
ENSG00000254740,0
ENSG00000269997,0
ENSG00000279511,0
ENSG00000273449,1
ENSG00000268707,1
ENSG00000254973,0
ENSG00000262903,0
ENSG00000254431,1
ENSG00000272769,1
ENSG00000280707,1
ENSG00000261229,0
ENSG00000267731,1
ENSG00000246174,1
ENSG00000275673,0
ENSG00000282393,1
ENSG00000272267,1
ENSG00000234494,1
ENSG00000260163,0
ENSG00000230325,0
ENSG00000235092,0
ENSG00000237637,0
ENSG00000267272,0
ENSG00000281912,0
ENSG00000267432,0
ENSG00000282977,0
ENSG00000261829,0
ENSG00000226091,0
ENSG00000236989,1
ENSG00000223473,0
ENSG00000261762,0
ENSG00000280122,1
ENSG00000213904,0
ENSG00000280211,0
ENSG00000257859,0
ENSG00000235934,0
ENSG00000273747,1
ENSG00000274628,0
ENSG00000277352,0
ENSG00000279996,0
ENSG00000270021,0
ENSG00000213599,0
ENSG00000255495,0
ENSG00000260657,1
ENSG00000219445,0
ENSG00000242349,0
ENSG00000278993,1
ENSG00000256028,0
ENSG00000269444,1
ENSG00000226757,0
ENSG00000271788,0
ENSG00000275902,0
ENSG00000279803,0
ENSG00000276476,0
ENSG00000272432,1
ENSG00000204584,0
ENSG00000186594,0
ENSG00000271969,0
ENSG00000249699,1
ENSG00000267834,0
ENSG00000278909,0
ENSG00000236908,0
ENSG00000253799,1
ENSG00000273265,0
ENSG00000253390,1
ENSG00000277744,0
ENSG00000180539,0
ENSG00000266923,1
ENSG00000225548,1
ENSG00000233223,0
ENSG00000237399,0
ENSG00000255284,0
ENSG00000224307,0
ENSG00000280205,0
ENSG00000253716,1
ENSG00000257681,0
ENSG00000237685,0
ENSG00000255666,0
ENSG00000260912,1
ENSG00000280068,0
ENSG00000269688,0
ENSG00000270607,1
ENSG00000267838,0
ENSG00000228549,0
ENSG00000254180,0
ENSG00000266929,0
ENSG00000261971,0
ENSG00000229692,1
ENSG00000280123,1
ENSG00000272945,0
ENSG00000236914,0
ENSG00000258957,1
ENSG00000272755,1
ENSG00000236850,0
ENSG00000272148,1
ENSG00000272518,0
ENSG00000271204,0
ENSG00000223923,0
ENSG00000229356,0
ENSG00000256424,0
ENSG00000258457,1
ENSG00000239523,0
ENSG00000280353,0
ENSG00000229299,0
ENSG00000266783,1
ENSG00000273237,1
ENSG00000237940,0
ENSG00000203804,0
ENSG00000272654,1
ENSG00000235954,1
ENSG00000277749,1
ENSG00000279561,1
ENSG00000234232,0
ENSG00000277440,1
ENSG00000279039,1
ENSG00000250174,0
ENSG00000245213,1
ENSG00000259826,0
ENSG00000234336,1
ENSG00000275549,0
ENSG00000268518,0
ENSG00000253200,0
ENSG00000224914,0
ENSG00000226266,0
ENSG00000273419,0
ENSG00000279145,0
ENSG00000253764,0
ENSG00000274386,0
ENSG00000253476,0
ENSG00000215808,1
ENSG00000280202,1
ENSG00000274654,0
ENSG00000232936,1
ENSG00000235779,1
ENSG00000259820,0
ENSG00000235381,0
ENSG00000230002,1
ENSG00000275055,1
ENSG00000274422,0
ENSG00000234352,0
ENSG00000253706,1
ENSG00000257151,1
ENSG00000229891,1
ENSG00000226913,1
ENSG00000226803,0
ENSG00000266921,1
ENSG00000226026,0
ENSG00000214772,1
ENSG00000274447,0
ENSG00000224846,1
ENSG00000257605,1
ENSG00000272354,1
ENSG00000267246,0
ENSG00000270165,0
ENSG00000230424,0
ENSG00000279191,0
ENSG00000274695,1
ENSG00000204092,0
ENSG00000214851,0
ENSG00000234817,0
ENSG00000263237,1
ENSG00000177406,1
ENSG00000268324,1
ENSG00000279086,0
ENSG00000278864,0
ENSG00000249790,1
ENSG00000231680,0
ENSG00000247416,1
ENSG00000258297,1
ENSG00000273599,0
ENSG00000277151,0
ENSG00000278075,0
ENSG00000271122,0
ENSG00000278266,1
ENSG00000254842,0
ENSG00000265933,0
ENSG00000279427,1
ENSG00000268205,1
ENSG00000280287,0
ENSG00000255026,0
ENSG00000276488,0
ENSG00000274902,0
ENSG00000270562,1
ENSG00000258738,1
ENSG00000225439,1
ENSG00000242798,0
ENSG00000253106,1
ENSG00000281005,0
ENSG00000280237,0
ENSG00000261572,1
ENSG00000260261,0
ENSG00000249082,1
ENSG00000269939,1
ENSG00000270720,1
ENSG00000272646,0
ENSG00000275371,0
ENSG00000276524,0
ENSG00000262011,1
ENSG00000254896,0
ENSG00000233508,1
ENSG00000282381,0
ENSG00000125804,0
ENSG00000250538,0
ENSG00000228251,0
ENSG00000261537,0
ENSG00000279822,0
ENSG00000261798,0
ENSG00000282022,1
ENSG00000271851,1
ENSG00000271011,1
ENSG00000271840,0
ENSG00000187621,0
ENSG00000257398,0
ENSG00000198106,0
ENSG00000225062,0
ENSG00000261202,1
ENSG00000231050,0
ENSG00000273584,1
ENSG00000229896,1
ENSG00000248859,0
ENSG00000273271,1
ENSG00000231252,0
ENSG00000259523,1
ENSG00000274737,0
ENSG00000264112,0
ENSG00000273002,0
ENSG00000279667,1
ENSG00000235706,0
ENSG00000269959,0
ENSG00000280169,0
ENSG00000254286,1
ENSG00000279066,0
ENSG00000253893,0
ENSG00000232301,1
ENSG00000229729,0
ENSG00000230156,1
ENSG00000258017,1
ENSG00000254610,0
ENSG00000281195,0
ENSG00000274372,1
ENSG00000235052,0
ENSG00000282386,1
ENSG00000277969,1
ENSG00000230289,0
ENSG00000256124,1
ENSG00000266893,0
ENSG00000179406,0
ENSG00000273035,0
ENSG00000258811,0
ENSG00000231607,1
ENSG00000262410,0
ENSG00000231711,0
ENSG00000273009,1
ENSG00000272829,1
ENSG00000273523,1
ENSG00000260495,0
ENSG00000262160,0
ENSG00000203999,0
ENSG00000271259,0
ENSG00000260400,1
ENSG00000259957,0
ENSG00000272155,0
ENSG00000244701,0
ENSG00000247828,0
ENSG00000261560,0
ENSG00000224413,0
ENSG00000281183,0
ENSG00000254760,0
ENSG00000272438,0
ENSG00000259209,0
ENSG00000276814,1
ENSG00000273026,1
ENSG00000182057,0
ENSG00000273456,1
ENSG00000255301,0
ENSG00000262152,0
ENSG00000265393,0
ENSG00000233384,1
ENSG00000269524,1
ENSG00000279656,1
ENSG00000271917,0
ENSG00000228157,0
ENSG00000279114,0
ENSG00000218537,0
ENSG00000261064,1
ENSG00000270761,1
ENSG00000267532,0
ENSG00000261366,1
ENSG00000254561,0
ENSG00000197182,0
ENSG00000177369,0
ENSG00000273521,0
ENSG00000269890,0
ENSG00000247213,1
ENSG00000278156,0
ENSG00000245248,0
ENSG00000279573,0
ENSG00000258593,0
ENSG00000279549,0
ENSG00000267749,0
ENSG00000253190,0
ENSG00000272734,0
ENSG00000280033,0
ENSG00000269974,1
ENSG00000249430,0
ENSG00000238120,0
ENSG00000275496,1
ENSG00000236753,1
ENSG00000232907,0
ENSG00000260566,1
ENSG00000264016,1
ENSG00000224870,1
ENSG00000278925,0
ENSG00000236088,1
ENSG00000231424,0
ENSG00000258630,0
ENSG00000251687,1
ENSG00000235493,1
ENSG00000267291,0
ENSG00000234072,1
ENSG00000267413,1
ENSG00000100181,0
ENSG00000235478,0
ENSG00000254934,1
ENSG00000259326,0
ENSG00000227726,1
ENSG00000232995,1
ENSG00000224215,0
ENSG00000258733,1
ENSG00000274578,1
ENSG00000267521,0
ENSG00000225872,0
ENSG00000214773,0
ENSG00000279594,0
ENSG00000227896,1
ENSG00000237819,1
ENSG00000258813,1
ENSG00000174403,0
ENSG00000205559,0
ENSG00000234456,1
ENSG00000260025,1
ENSG00000272368,0
ENSG00000269984,0
ENSG00000227218,0
ENSG00000267519,0
ENSG00000270067,0
ENSG00000279306,0
ENSG00000279685,0
ENSG00000228559,0
ENSG00000183250,0
ENSG00000278981,0
ENSG00000268575,0
ENSG00000276997,0
ENSG00000254929,1
ENSG00000261360,1
ENSG00000250230,0
ENSG00000215196,0
ENSG00000260278,0
ENSG00000239445,1
ENSG00000257557,1
ENSG00000280053,0
ENSG00000280198,0
ENSG00000271384,0
ENSG00000274173,0
ENSG00000261187,0
ENSG00000260100,0
ENSG00000232748,0
ENSG00000279344,0
ENSG00000276182,1
ENSG00000264548,0
ENSG00000277639,1
ENSG00000237588,0
ENSG00000278291,1
ENSG00000249679,0
ENSG00000272138,1
ENSG00000276934,1
ENSG00000276007,0
ENSG00000244953,0
ENSG00000259818,0
ENSG00000260193,0
ENSG00000280388,1
ENSG00000273568,0
ENSG00000203497,0
ENSG00000266268,0
ENSG00000279361,0
ENSG00000254109,1
ENSG00000232949,1
ENSG00000244567,1
ENSG00000260979,1
ENSG00000260899,0
ENSG00000262786,0
ENSG00000261839,0
ENSG00000281181,0
ENSG00000280222,0
ENSG00000282024,0
ENSG00000172250,0
ENSG00000254648,1
ENSG00000274253,1
ENSG00000283031,0
ENSG00000223511,0
ENSG00000279453,1
ENSG00000278153,0
ENSG00000245552,1
ENSG00000281376,0
ENSG00000280057,0
ENSG00000250903,0
ENSG00000124915,0
ENSG00000223791,0
ENSG00000267198,1
ENSG00000226648,0
ENSG00000259915,1
ENSG00000276097,0
ENSG00000260316,0
ENSG00000233056,1
ENSG00000223704,0
ENSG00000247137,1
ENSG00000260977,0
ENSG00000270028,0
ENSG00000237877,1
ENSG00000267666,0
ENSG00000268006,0
ENSG00000251138,0
ENSG00000229334,1
ENSG00000259498,0
ENSG00000232093,0
ENSG00000271551,0
ENSG00000242759,0
ENSG00000235078,1
ENSG00000225930,0
ENSG00000279122,0
ENSG00000261116,1
ENSG00000261451,0
ENSG00000272384,1
ENSG00000272871,0
ENSG00000258210,1
ENSG00000278912,0
ENSG00000231880,0
ENSG00000255367,0
ENSG00000226752,1
ENSG00000234949,1
ENSG00000274340,1
ENSG00000223935,0
ENSG00000280069,0
ENSG00000272644,1
ENSG00000254911,1
ENSG00000251249,1
ENSG00000265962,0
ENSG00000145063,1
ENSG00000276995,0
ENSG00000224397,0
ENSG00000267130,1
ENSG00000233901,1
ENSG00000236790,0
ENSG00000279474,0
ENSG00000262312,0
ENSG00000228971,1
ENSG00000281189,0
ENSG00000226953,1
ENSG00000258708,1
ENSG00000272092,0
ENSG00000237505,1
ENSG00000255089,1
ENSG00000259953,0
ENSG00000247400,1
ENSG00000282508,0
ENSG00000261235,0
ENSG00000214188,0
ENSG00000272855,1
ENSG00000280401,0
ENSG00000267405,0
ENSG00000204054,0
ENSG00000280344,0
ENSG00000214725,0
ENSG00000279977,0
ENSG00000269720,0
ENSG00000277283,1
ENSG00000267172,0
ENSG00000274421,1
ENSG00000239219,1
ENSG00000281128,0
ENSG00000272862,1
ENSG00000272954,0
ENSG00000260339,1
ENSG00000242516,0
ENSG00000279206,0
ENSG00000274015,1
ENSG00000261270,0
ENSG00000231393,0
ENSG00000235529,0
ENSG00000242086,0
ENSG00000276807,0
ENSG00000283045,1
ENSG00000262222,0
ENSG00000264207,1
ENSG00000203684,0
ENSG00000249859,0
ENSG00000234912,1
ENSG00000228172,0
ENSG00000272909,0
ENSG00000250608,1
ENSG00000259877,1
ENSG00000267123,0
ENSG00000273374,1
ENSG00000280083,0
ENSG00000175061,1
ENSG00000228115,1
ENSG00000273420,0
ENSG00000278907,1
ENSG00000279861,0
ENSG00000283078,0
ENSG00000227540,1
ENSG00000226644,1
ENSG00000226200,0
ENSG00000272631,1
ENSG00000278341,0
ENSG00000230303,0
ENSG00000253263,1
ENSG00000259700,1
ENSG00000260418,0
ENSG00000257534,0
ENSG00000230021,0
ENSG00000264660,0
ENSG00000272102,0
ENSG00000270638,1
ENSG00000257337,0
ENSG00000204380,0
ENSG00000246263,1
ENSG00000250309,1
ENSG00000275784,1
ENSG00000259623,1
ENSG00000259775,1
ENSG00000229955,1
ENSG00000227372,0
ENSG00000248927,1
ENSG00000281530,0
ENSG00000236008,0
ENSG00000269900,0
ENSG00000260808,0
ENSG00000259230,0
ENSG00000231999,1
ENSG00000272986,1
ENSG00000242588,0
ENSG00000263080,0
ENSG00000274104,1
ENSG00000232732,0
ENSG00000261595,0
ENSG00000244151,0
ENSG00000278709,1
ENSG00000203499,0
ENSG00000278959,0
ENSG00000258053,1
ENSG00000260996,0
ENSG00000258377,1
ENSG00000275481,0
ENSG00000231918,0
ENSG00000262772,0
ENSG00000264007,0
ENSG00000248668,1
ENSG00000254946,0
ENSG00000277806,1
ENSG00000237438,1
ENSG00000266389,0
ENSG00000177335,0
ENSG00000236200,0
ENSG00000228043,0
ENSG00000233058,0
ENSG00000260896,1
ENSG00000272156,1
ENSG00000280079,1
ENSG00000260898,0
ENSG00000227110,0
ENSG00000237499,1
ENSG00000269846,1
ENSG00000215417,0
ENSG00000239415,0
ENSG00000261757,1
ENSG00000274191,1
ENSG00000261096,0
ENSG00000258702,0
ENSG00000272715,0
ENSG00000283075,0
ENSG00000281406,0
ENSG00000277170,1
ENSG00000281100,0
ENSG00000226453,0
ENSG00000252690,1
ENSG00000223797,1
ENSG00000224356,0
ENSG00000266904,1
ENSG00000279387,0
ENSG00000270246,0
ENSG00000277324,1
ENSG00000275457,1
ENSG00000226688,0
ENSG00000250303,1
ENSG00000261071,0
ENSG00000267248,0
ENSG00000273230,0
ENSG00000273175,1
ENSG00000272140,1
ENSG00000260806,1
ENSG00000279619,0
ENSG00000236352,1
ENSG00000279199,0
ENSG00000272462,1
ENSG00000267077,0
ENSG00000255389,1
ENSG00000224635,1
ENSG00000272732,1
ENSG00000279529,1
ENSG00000257327,1
ENSG00000267940,1
ENSG00000261780,0
ENSG00000250056,1
ENSG00000247679,0
ENSG00000267254,0
ENSG00000276232,1
ENSG00000254343,1
ENSG00000246560,1
ENSG00000225783,0
ENSG00000260630,1
ENSG00000274698,1
ENSG00000279311,0
ENSG00000230513,1
ENSG00000236519,0
ENSG00000272202,0
ENSG00000272843,0
ENSG00000228835,0
ENSG00000280245,0
ENSG00000225806,1
ENSG00000259363,0
ENSG00000248703,0
ENSG00000214919,0
ENSG00000272269,1
ENSG00000268262,0
ENSG00000261670,0
ENSG00000244055,1
ENSG00000268189,0
ENSG00000254560,0
ENSG00000269887,1
ENSG00000255121,0
ENSG00000273010,0
ENSG00000279555,0
ENSG00000279653,0
ENSG00000237424,0
ENSG00000254539,0
ENSG00000247134,1
ENSG00000249593,0
ENSG00000280392,0
ENSG00000272491,0
ENSG00000225792,1
ENSG00000270977,0
ENSG00000239906,0
ENSG00000231134,0
ENSG00000279696,0
ENSG00000230747,1
ENSG00000224714,1
ENSG00000276724,1
ENSG00000228801,1
ENSG00000270001,0
ENSG00000236432,1
ENSG00000215859,1
ENSG00000273483,1
ENSG00000279699,0
ENSG00000231079,0
ENSG00000262179,1
ENSG00000275494,1
ENSG00000228204,0
ENSG00000260329,1
ENSG00000272977,0
ENSG00000256628,1
ENSG00000266498,0
ENSG00000246523,1
ENSG00000254966,0
ENSG00000249673,0
ENSG00000204758,1
ENSG00000225506,0
ENSG00000186615,1
ENSG00000230400,0
ENSG00000276772,0
ENSG00000225850,1
ENSG00000236255,0
ENSG00000279900,1
ENSG00000237640,0
ENSG00000271824,1
ENSG00000238122,0
ENSG00000260923,0
ENSG00000272622,1
ENSG00000269653,0
ENSG00000236682,0
ENSG00000279725,1
ENSG00000235726,0
ENSG00000267284,0
ENSG00000203706,1
ENSG00000244491,0
ENSG00000270076,1
ENSG00000257579,1
ENSG00000280426,1
ENSG00000248008,1
ENSG00000261799,1
ENSG00000276115,1
ENSG00000261207,0
ENSG00000236548,0
ENSG00000261373,0
ENSG00000229271,1
ENSG00000225889,0
ENSG00000277182,1
ENSG00000272841,1
ENSG00000189419,0
ENSG00000279692,0
ENSG00000244349,0
ENSG00000259343,0
ENSG00000279496,0
ENSG00000229325,1
ENSG00000236528,0
ENSG00000251221,1
ENSG00000230126,0
ENSG00000260992,0
ENSG00000263072,1
ENSG00000250320,1
ENSG00000235903,0
ENSG00000225057,0
ENSG00000273056,0
ENSG00000235209,1
ENSG00000279659,0
ENSG00000267632,0
ENSG00000251363,1
ENSG00000279349,0
ENSG00000263276,0
ENSG00000261286,0
ENSG00000225213,0
ENSG00000272203,0
ENSG00000237595,1
ENSG00000279099,0
ENSG00000228397,0
ENSG00000267322,0
ENSG00000232453,1
ENSG00000279673,1
ENSG00000231969,1
ENSG00000273204,0
ENSG00000273062,0
ENSG00000229191,1
ENSG00000279570,1
ENSG00000278029,0
ENSG00000270195,0
ENSG00000228526,0
ENSG00000258376,1
ENSG00000279957,1
ENSG00000224057,1
ENSG00000257433,0
ENSG00000274307,0
ENSG00000230939,0
ENSG00000264083,1
ENSG00000215483,0
ENSG00000254670,0
ENSG00000241933,0
ENSG00000269814,0
ENSG00000198468,1
ENSG00000259644,0
ENSG00000184809,1
ENSG00000224376,0
ENSG00000233220,0
ENSG00000272183,0
ENSG00000274020,0
ENSG00000273139,1
ENSG00000274979,1
ENSG00000267767,0
ENSG00000229178,0
ENSG00000227301,0
ENSG00000272657,0
ENSG00000260830,1
ENSG00000233936,1
ENSG00000231327,0
ENSG00000279981,0
ENSG00000228016,0
ENSG00000248738,0
ENSG00000258944,0
ENSG00000253878,0
ENSG00000214401,1
ENSG00000249007,0
ENSG00000227375,1
ENSG00000279852,0
ENSG00000280087,0
ENSG00000227782,1
ENSG00000281207,0
ENSG00000278112,0
ENSG00000238099,1
ENSG00000228598,1
ENSG00000241728,0
ENSG00000232545,0
ENSG00000279837,0
ENSG00000280294,0
ENSG00000227959,0
ENSG00000262663,0
ENSG00000163364,1
ENSG00000271427,0
ENSG00000266913,1
ENSG00000254872,0
ENSG00000266441,1
ENSG00000279500,0
ENSG00000255843,0
ENSG00000224506,1
ENSG00000260412,0
ENSG00000279611,0
ENSG00000259203,1
ENSG00000226891,0
ENSG00000230074,1
ENSG00000226380,0
ENSG00000271795,0
ENSG00000251615,0
ENSG00000279423,1
ENSG00000226510,1
ENSG00000270096,1
ENSG00000267152,1
ENSG00000277232,0
ENSG00000273181,1
ENSG00000281333,0
ENSG00000270010,1
ENSG00000266950,0
ENSG00000276136,0
ENSG00000269303,0
ENSG00000237976,1
ENSG00000236154,0
ENSG00000214194,1
ENSG00000228106,1
ENSG00000228463,1
ENSG00000236499,0
ENSG00000258057,1
ENSG00000272716,1
ENSG00000231187,0
ENSG00000235781,1
ENSG00000268947,0
ENSG00000249476,0
ENSG00000269825,1
ENSG00000279069,0
ENSG00000224596,1
ENSG00000271855,0
ENSG00000264920,1
ENSG00000231125,0
ENSG00000237883,1
ENSG00000255310,0
ENSG00000271780,1
ENSG00000258819,0
ENSG00000204666,0
ENSG00000280231,0
ENSG00000238033,0
ENSG00000274751,0
ENSG00000225978,0
ENSG00000236106,1
ENSG00000214955,0
ENSG00000225675,0
ENSG00000270049,1
ENSG00000262686,1
ENSG00000240710,0
ENSG00000250069,0
ENSG00000279443,0
ENSG00000280023,0
ENSG00000244184,1
ENSG00000279432,0
ENSG00000273165,1
ENSG00000268471,1
ENSG00000257167,1
ENSG00000271109,1
ENSG00000254687,1
ENSG00000263917,0
ENSG00000259895,0
ENSG00000261728,1
ENSG00000232956,0
ENSG00000245146,1
ENSG00000237489,0
ENSG00000241313,0
ENSG00000272084,0
ENSG00000251143,0
ENSG00000271913,0
ENSG00000241155,1
ENSG00000215014,1
ENSG00000277991,0
ENSG00000256433,0
ENSG00000249684,0
ENSG00000272711,1
ENSG00000260461,0
ENSG00000266925,0
ENSG00000231460,1
ENSG00000226125,1
ENSG00000179523,1
ENSG00000237222,0
ENSG00000255153,0
ENSG00000273615,0
ENSG00000261420,1
ENSG00000228044,0
ENSG00000231305,0
ENSG00000175772,1
ENSG00000255409,0
ENSG00000229180,0
ENSG00000232656,1
ENSG00000275198,1
ENSG00000269873,1
ENSG00000259736,1
ENSG00000277270,1
ENSG00000279104,0
ENSG00000234171,1
ENSG00000259921,0
ENSG00000255864,0
ENSG00000276110,1
ENSG00000154537,0
ENSG00000271976,1
ENSG00000234311,1
ENSG00000272579,1
ENSG00000274627,0
ENSG00000271978,0
ENSG00000259006,0
ENSG00000198221,0
ENSG00000221949,0
ENSG00000276144,0
ENSG00000232164,0
ENSG00000257048,0
ENSG00000241111,0
ENSG00000275417,0
ENSG00000257869,0
ENSG00000120055,1
ENSG00000164385,0
ENSG00000228613,0
ENSG00000280107,1
ENSG00000236137,1
ENSG00000231595,1
ENSG00000266918,0
ENSG00000277130,0
ENSG00000279159,0
ENSG00000279722,1
ENSG00000265458,1
ENSG00000243479,0
ENSG00000254682,1
ENSG00000226029,0
ENSG00000271945,1
ENSG00000231212,1
ENSG00000260698,0
ENSG00000130600,0
ENSG00000272944,1
ENSG00000247373,1
ENSG00000251602,0
ENSG00000268204,0
ENSG00000258169,1
ENSG00000276744,0
ENSG00000254587,0
ENSG00000281404,0
ENSG00000262049,1
ENSG00000228944,0
ENSG00000261087,1
ENSG00000279227,1
ENSG00000257354,0
ENSG00000272735,0
ENSG00000279030,0
ENSG00000259407,0
ENSG00000259408,0
ENSG00000281881,0
ENSG00000251562,0
ENSG00000262728,1
ENSG00000272661,0
ENSG00000279186,1
ENSG00000227741,0
ENSG00000225420,0
ENSG00000223823,0
ENSG00000279425,0
ENSG00000280441,0
ENSG00000196366,0
ENSG00000269564,0
ENSG00000279144,0
ENSG00000254837,1
ENSG00000275854,1
ENSG00000266473,0
ENSG00000276166,0
ENSG00000279133,0
ENSG00000257527,0
ENSG00000236611,1
ENSG00000249464,1
ENSG00000267640,1
ENSG00000241525,0
ENSG00000255458,1
ENSG00000277763,1
ENSG00000225969,1
ENSG00000260411,0
ENSG00000280639,0
ENSG00000173727,1
ENSG00000275552,1
ENSG00000272182,0
ENSG00000279162,0
ENSG00000235475,0
ENSG00000224825,0
ENSG00000246548,0
ENSG00000258748,0
ENSG00000224698,0
ENSG00000231908,1
ENSG00000280191,1
ENSG00000182912,0
ENSG00000259799,0
ENSG00000276334,0
ENSG00000227946,0
ENSG00000240731,1
ENSG00000236268,0
ENSG00000203288,0
ENSG00000279267,1
ENSG00000263307,0
ENSG00000223571,0
ENSG00000272752,0
ENSG00000254641,1
ENSG00000177340,0
ENSG00000272508,1
ENSG00000261997,1
ENSG00000235271,1
ENSG00000282759,0
ENSG00000258433,1
ENSG00000223343,0
ENSG00000260115,0
ENSG00000227733,0
ENSG00000266821,0
ENSG00000267607,0
ENSG00000240240,0
ENSG00000260550,0
ENSG00000245648,0
ENSG00000213888,1
ENSG00000281205,0
ENSG00000225706,1
ENSG00000228274,1
ENSG00000262227,0
ENSG00000261496,0
ENSG00000277715,1
ENSG00000250337,1
ENSG00000273199,0
ENSG00000273270,0
ENSG00000185168,0
ENSG00000259723,0
ENSG00000232692,1
ENSG00000255062,1
ENSG00000254602,1
ENSG00000272549,1
ENSG00000178977,1
ENSG00000261618,0
ENSG00000204860,0
ENSG00000226833,1
ENSG00000233547,0
ENSG00000249740,1
ENSG00000261455,1
ENSG00000274667,1
ENSG00000227888,0
ENSG00000267577,1
ENSG00000248161,1
ENSG00000234006,0
ENSG00000229153,1
ENSG00000236975,0
ENSG00000275764,1
ENSG00000232837,0
ENSG00000230732,1
ENSG00000279513,1
ENSG00000273117,1
ENSG00000226471,1
ENSG00000279770,0
ENSG00000240996,1
ENSG00000206140,0
ENSG00000237373,0
ENSG00000277526,0
ENSG00000251408,0
ENSG00000254815,0
ENSG00000237094,0
ENSG00000251666,1
ENSG00000261766,0
ENSG00000267414,0
ENSG00000228434,0
ENSG00000280088,1
ENSG00000213793,1
ENSG00000245060,1
ENSG00000214870,0
ENSG00000279476,0
ENSG00000262712,0
ENSG00000232931,0
ENSG00000273344,1
ENSG00000277011,1
ENSG00000197291,1
ENSG00000282907,0
ENSG00000272002,0
ENSG00000227363,0
ENSG00000251027,1
ENSG00000232721,0
ENSG00000240207,1
ENSG00000254165,1
ENSG00000282718,0
ENSG00000278917,0
ENSG00000273218,0
ENSG00000274245,1
ENSG00000283029,0
ENSG00000254389,0
ENSG00000273306,0
ENSG00000250421,1
ENSG00000278175,1
ENSG00000262412,0
ENSG00000260493,1
ENSG00000260101,1
ENSG00000233754,0
ENSG00000273232,1
ENSG00000205041,0
ENSG00000261218,0
ENSG00000267886,0
ENSG00000205663,0
ENSG00000260807,0
ENSG00000261761,1
ENSG00000215458,0
ENSG00000276272,0
ENSG00000196167,1
ENSG00000224934,1
ENSG00000266903,0
ENSG00000234509,0
ENSG00000225733,1
ENSG00000237989,1
ENSG00000260803,0
ENSG00000279878,0
ENSG00000272936,1
ENSG00000259336,0
ENSG00000265728,0
ENSG00000269973,0
ENSG00000245888,1
ENSG00000263412,1
ENSG00000274943,1
ENSG00000250986,0
ENSG00000258731,0
ENSG00000269940,0
ENSG00000279088,1
ENSG00000272870,1
ENSG00000280614,0
ENSG00000260633,0
ENSG00000267811,0
ENSG00000281357,0
ENSG00000204282,0
ENSG00000258603,1
ENSG00000229124,0
ENSG00000203441,1
ENSG00000232645,1
ENSG00000280381,0
ENSG00000259244,1
ENSG00000253428,0
ENSG00000270988,0
ENSG00000259772,0
ENSG00000272788,0
ENSG00000271743,1
ENSG00000281202,1
ENSG00000226508,1
ENSG00000247675,1
ENSG00000197989,0
ENSG00000276408,1
ENSG00000271380,1
ENSG00000245614,0
ENSG00000280232,0
ENSG00000279953,0
ENSG00000224272,0
ENSG00000264546,0
ENSG00000274918,0
ENSG00000257607,0
ENSG00000204706,0
ENSG00000260360,1
ENSG00000270959,0
ENSG00000260077,0
ENSG00000254531,0
ENSG00000259969,1
ENSG00000254473,1
ENSG00000263874,1
ENSG00000260579,0
ENSG00000203900,0
ENSG00000279598,0
ENSG00000273691,0
ENSG00000272444,1
ENSG00000219665,1
ENSG00000272525,1
ENSG00000225434,1
ENSG00000278058,1
ENSG00000275401,0
ENSG00000262528,0
ENSG00000174365,0
ENSG00000214999,0
ENSG00000279237,0
ENSG00000258634,0
ENSG00000224167,1
ENSG00000228878,1
ENSG00000260265,1
ENSG00000238035,0
ENSG00000228486,0
ENSG00000258559,0
ENSG00000230565,0
ENSG00000274925,1
ENSG00000275560,1
ENSG00000281903,0
ENSG00000280543,0
ENSG00000279951,0
ENSG00000237523,1
ENSG00000273162,1
ENSG00000262877,0
ENSG00000197813,0
ENSG00000259439,1
ENSG00000277895,0
ENSG00000235527,1
ENSG00000224614,0
ENSG00000265688,1
ENSG00000236194,1
ENSG00000256008,1
ENSG00000282021,1
ENSG00000258725,0
ENSG00000257953,1
ENSG00000236423,0
ENSG00000273473,1
ENSG00000231057,0
ENSG00000262155,0
ENSG00000273209,1
ENSG00000261326,0
ENSG00000231013,0
ENSG00000279409,0
ENSG00000272219,0
ENSG00000260669,1
ENSG00000273424,0
ENSG00000260740,1
ENSG00000276570,0
ENSG00000241388,0
ENSG00000248360,1
ENSG00000249650,0
ENSG00000229980,1
ENSG00000259994,1
ENSG00000280200,0
ENSG00000279491,0
ENSG00000249846,0
ENSG00000268201,0
ENSG00000248544,0
ENSG00000270332,1
ENSG00000273674,0
ENSG00000261305,0
ENSG00000225535,0
ENSG00000234699,1
ENSG00000203392,0
ENSG00000269483,1
ENSG00000271849,1
ENSG00000228008,1
ENSG00000269235,0
ENSG00000232325,0
ENSG00000279373,0
ENSG00000242861,1
ENSG00000278891,0
ENSG00000229017,0
ENSG00000229970,1
ENSG00000270060,0
ENSG00000262251,1
ENSG00000271989,0
ENSG00000230725,1
ENSG00000239705,0
ENSG00000258673,0
ENSG00000280241,0
ENSG00000269514,0
ENSG00000272293,1
ENSG00000279504,1
ENSG00000276542,1
ENSG00000254860,0
ENSG00000273784,1
ENSG00000225300,0
ENSG00000269918,0
ENSG00000270100,0
ENSG00000260565,0
ENSG00000245275,0
ENSG00000225173,1
ENSG00000272894,1
ENSG00000268889,0
ENSG00000261783,0
ENSG00000279294,0
ENSG00000272693,0
ENSG00000270580,0
ENSG00000278876,0
ENSG00000274425,1
ENSG00000279146,0
ENSG00000225905,0
ENSG00000260907,1
ENSG00000258343,0
ENSG00000280189,0
ENSG00000224616,0
ENSG00000243224,1
ENSG00000225156,1
ENSG00000260572,1
ENSG00000278991,1
ENSG00000204934,0
ENSG00000171889,1
ENSG00000257595,1
ENSG00000261596,1
ENSG00000267317,0
ENSG00000239569,0
ENSG00000270006,1
ENSG00000280067,0
ENSG00000242512,0
ENSG00000280216,0
ENSG00000227543,0
ENSG00000279700,0
ENSG00000230623,1
ENSG00000230552,1
ENSG00000248968,0
ENSG00000279733,0
ENSG00000251323,1
ENSG00000246465,1
ENSG00000254556,0
ENSG00000253507,1
ENSG00000273551,1
ENSG00000279632,0
ENSG00000215769,0
ENSG00000258670,0
ENSG00000236366,1
ENSG00000255136,1
ENSG00000260552,1
ENSG00000275799,0
ENSG00000259744,1
ENSG00000270030,1
ENSG00000233178,0
ENSG00000240859,0
ENSG00000229619,0
ENSG00000262691,1
ENSG00000182366,0
ENSG00000260641,1
ENSG00000236447,0
ENSG00000273920,0
ENSG00000272949,0
ENSG00000279568,0
ENSG00000232110,1
ENSG00000278733,1
ENSG00000280076,0
ENSG00000264278,0
ENSG00000235033,0
ENSG00000182109,0
ENSG00000272702,1
ENSG00000267750,0
ENSG00000231527,0
ENSG00000272447,0
ENSG00000267751,0
ENSG00000264451,1
ENSG00000261664,0
ENSG00000206532,1
ENSG00000244502,0
ENSG00000273432,0
ENSG00000246350,0
ENSG00000261693,0
ENSG00000280604,0
ENSG00000249042,1
ENSG00000231920,1
ENSG00000259663,0
ENSG00000279200,0
ENSG00000230615,1
ENSG00000281332,0
ENSG00000197665,1
ENSG00000233912,1
ENSG00000273258,1
ENSG00000231453,0
ENSG00000268858,0
ENSG00000224209,1
ENSG00000262652,0
ENSG00000225087,0
ENSG00000223839,0
ENSG00000241288,0
ENSG00000259462,0
ENSG00000233849,1
ENSG00000254639,0
ENSG00000223631,0
ENSG00000157306,0
ENSG00000279179,0
ENSG00000228709,0
ENSG00000272205,0
ENSG00000244380,0
ENSG00000277007,0
ENSG00000267270,0
ENSG00000238207,0
ENSG00000270426,0
ENSG00000231720,0
ENSG00000253284,0
ENSG00000250046,1
ENSG00000204362,0
ENSG00000271830,1
ENSG00000265206,0
ENSG00000249669,0
ENSG00000274227,0
ENSG00000205662,0
ENSG00000205334,1
ENSG00000247796,1
ENSG00000267243,0
ENSG00000196668,0
ENSG00000236939,1
ENSG00000226281,0
ENSG00000280164,0
ENSG00000224822,0
ENSG00000267040,1
ENSG00000255176,0
ENSG00000279584,1
ENSG00000260060,0
ENSG00000233237,1
ENSG00000271151,0
ENSG00000224805,0
ENSG00000250326,0
ENSG00000216921,1
ENSG00000271755,1
ENSG00000259802,0
ENSG00000231312,0
ENSG00000279059,1
ENSG00000184115,0
ENSG00000266970,0
ENSG00000259985,1
ENSG00000251417,0
ENSG00000206337,1
ENSG00000267454,1
ENSG00000267009,0
ENSG00000203709,0
ENSG00000262292,0
ENSG00000264015,0
ENSG00000261512,0
ENSG00000261824,0
ENSG00000227078,1
ENSG00000272899,0
ENSG00000267011,1
ENSG00000260766,1
ENSG00000261823,0
ENSG00000266709,0
ENSG00000259594,0
ENSG00000259642,1
ENSG00000214145,0
ENSG00000189223,1
ENSG00000255248,0
ENSG00000274317,0
ENSG00000253477,0
ENSG00000272106,1
ENSG00000273702,1
ENSG00000276384,0
ENSG00000255384,0
ENSG00000182310,0
ENSG00000259932,0
ENSG00000249572,0
ENSG00000271576,0
ENSG00000272010,1
ENSG00000278978,1
ENSG00000275966,0
ENSG00000272953,1
ENSG00000275202,1
ENSG00000274652,1
ENSG00000271474,1
ENSG00000279196,0
ENSG00000243176,1
ENSG00000272663,0
ENSG00000272906,1
ENSG00000272173,0
ENSG00000271959,0
ENSG00000259321,0
ENSG00000237187,1
ENSG00000279400,0
ENSG00000260613,1
ENSG00000279834,0
ENSG00000277566,0
ENSG00000260259,1
ENSG00000268573,1
ENSG00000175147,0
ENSG00000271870,0
ENSG00000274598,1
ENSG00000278434,0
ENSG00000261390,1
ENSG00000238266,1
ENSG00000260423,0
ENSG00000269139,0
ENSG00000259402,0
ENSG00000270127,0
ENSG00000248445,0
ENSG00000224417,0
ENSG00000279289,0
ENSG00000249592,0
ENSG00000280734,1
ENSG00000260686,1
ENSG00000235823,0
ENSG00000278831,0
ENSG00000258441,0
ENSG00000197099,0
ENSG00000231435,0
ENSG00000226383,0
ENSG00000260874,0
ENSG00000272146,0
ENSG00000204650,1
ENSG00000256925,0
ENSG00000225793,1
ENSG00000167912,1
ENSG00000275409,0
ENSG00000242396,1
ENSG00000276259,1
ENSG00000233427,1
ENSG00000261786,0
ENSG00000269842,1
ENSG00000233937,0
ENSG00000205861,0
ENSG00000274383,0
ENSG00000272455,1
ENSG00000256040,0
ENSG00000258099,0
ENSG00000205885,0
ENSG00000280623,1
ENSG00000272375,1
ENSG00000237457,1
ENSG00000257524,0
ENSG00000260394,1
ENSG00000274893,1
ENSG00000261423,0
ENSG00000261437,1
ENSG00000255052,0
ENSG00000273253,0
ENSG00000239268,0
ENSG00000271983,0
ENSG00000270523,1
ENSG00000270996,1
ENSG00000223525,1
ENSG00000267374,1
ENSG00000232284,0
ENSG00000184224,1
ENSG00000260269,0
ENSG00000260196,1
ENSG00000272904,0
ENSG00000275389,0
ENSG00000225880,0
ENSG00000271833,0
ENSG00000246877,0
ENSG00000276603,0
ENSG00000233540,1
ENSG00000226194,0
ENSG00000254615,1
ENSG00000267279,0
ENSG00000272209,0
ENSG00000253948,1
ENSG00000226686,0
ENSG00000188242,0
ENSG00000259436,1
ENSG00000259673,0
ENSG00000228242,0
ENSG00000249894,0
ENSG00000259869,1
ENSG00000237356,0
ENSG00000280190,0
ENSG00000279880,0
ENSG00000267896,0
ENSG00000274776,0
ENSG00000268603,0
ENSG00000242125,1
ENSG00000224729,0
ENSG00000261568,0
ENSG00000254614,0
ENSG00000181798,1
ENSG00000232386,0
ENSG00000259291,0
ENSG00000228084,1
ENSG00000280327,0
ENSG00000272672,0
ENSG00000235643,0
ENSG00000259306,0
ENSG00000279235,0
ENSG00000244578,0
ENSG00000225742,1
ENSG00000237638,0
ENSG00000261504,1
ENSG00000253616,0
ENSG00000257475,0
ENSG00000238142,1
ENSG00000214708,1
ENSG00000279539,0
ENSG00000266236,0
ENSG00000263082,1
ENSG00000276952,0
ENSG00000225546,0
ENSG00000228065,0
ENSG00000275441,0
ENSG00000234546,0
ENSG00000235007,0
ENSG00000238198,1
ENSG00000263069,0
ENSG00000251580,0
ENSG00000223482,0
ENSG00000232536,0
ENSG00000248671,1
ENSG00000180422,0
ENSG00000272529,0
ENSG00000256973,0
ENSG00000260619,0
ENSG00000231028,1
ENSG00000258573,0
ENSG00000255224,0
ENSG00000253982,1
ENSG00000227252,0
ENSG00000262668,1
ENSG00000226754,1
ENSG00000260401,0
ENSG00000281501,1
ENSG00000257275,1
ENSG00000225914,0
ENSG00000270140,1
ENSG00000260398,1
ENSG00000256546,0
ENSG00000260302,1
ENSG00000213057,0
ENSG00000243762,0
ENSG00000271882,1
ENSG00000214184,0
ENSG00000256576,1
ENSG00000272931,1
ENSG00000254554,0
ENSG00000260643,1
ENSG00000279315,0
ENSG00000282221,1
ENSG00000250546,0
ENSG00000267100,1
ENSG00000253559,1
ENSG00000272129,0
ENSG00000248636,0
ENSG00000175773,1
ENSG00000245685,1
ENSG00000280177,0
ENSG00000226137,0
ENSG00000272884,0
ENSG00000244198,0
ENSG00000261067,0
ENSG00000275630,1
ENSG00000275936,0
ENSG00000274956,0
ENSG00000260648,0
ENSG00000272812,1
ENSG00000253357,0
ENSG00000255983,0
ENSG00000277147,1
ENSG00000261188,1
ENSG00000279620,0
ENSG00000268530,1
ENSG00000260852,1
ENSG00000246985,0
ENSG00000276853,1
ENSG00000261996,0
ENSG00000227646,0
ENSG00000268945,1
ENSG00000245651,0
ENSG00000272081,0
ENSG00000260388,1
ENSG00000215866,1
ENSG00000247699,1
ENSG00000263126,0
ENSG00000279281,0
ENSG00000269680,0
ENSG00000270059,0
ENSG00000272461,1
ENSG00000279469,1
ENSG00000226180,0
ENSG00000269559,1
ENSG00000269903,0
ENSG00000279176,0
ENSG00000273343,0
ENSG00000261386,0
ENSG00000225626,1
ENSG00000236144,0
ENSG00000245330,0
ENSG00000267890,0
ENSG00000235919,1
ENSG00000280037,0
ENSG00000271387,0
ENSG00000235578,0
ENSG00000261758,0
ENSG00000274204,0
ENSG00000273247,0
ENSG00000257252,1
ENSG00000232445,1
ENSG00000233602,0
ENSG00000271918,1
ENSG00000267655,1
ENSG00000224152,1
ENSG00000257264,1
ENSG00000226604,0
ENSG00000263033,0
ENSG00000235100,1
ENSG00000270157,0
ENSG00000231074,0
ENSG00000234165,1
ENSG00000279738,0
ENSG00000256321,0
ENSG00000230438,1
ENSG00000256943,0
ENSG00000254477,0
ENSG00000256690,1
ENSG00000261402,1
ENSG00000276255,0
ENSG00000272157,0
ENSG00000244945,0
ENSG00000255020,1
ENSG00000220161,1
ENSG00000275329,0
ENSG00000228737,1
ENSG00000260792,1
ENSG00000261118,1
ENSG00000272858,0
ENSG00000272273,0
ENSG00000259692,1
ENSG00000259347,1
ENSG00000267493,0
ENSG00000231713,0
ENSG00000178243,1
ENSG00000230417,0
ENSG00000233577,0
ENSG00000247877,1
ENSG00000256164,1
ENSG00000273447,1
ENSG00000249574,0
ENSG00000275092,0
ENSG00000224186,0
ENSG00000235641,0
ENSG00000225138,0
ENSG00000258561,0
ENSG00000239332,0
ENSG00000229956,1
ENSG00000272097,1
ENSG00000250131,0
ENSG00000257702,0
ENSG00000261638,0
ENSG00000277050,1
ENSG00000203808,1
ENSG00000272465,1
ENSG00000255182,0
ENSG00000242136,0
ENSG00000279520,0
ENSG00000274414,0
ENSG00000246528,0
ENSG00000259933,1
ENSG00000273428,0
ENSG00000253352,0
ENSG00000259992,0
ENSG00000272669,0
ENSG00000245017,1
ENSG00000226746,0
ENSG00000272328,0
ENSG00000273352,1
ENSG00000273174,1
ENSG00000279149,1
ENSG00000262119,1
ENSG00000246859,0
ENSG00000248103,0
ENSG00000278921,1
ENSG00000278621,0
ENSG00000272170,0
ENSG00000255874,0
ENSG00000237372,0
ENSG00000228437,0
ENSG00000234773,0
ENSG00000281856,0
ENSG00000214783,0
ENSG00000223745,1
ENSG00000249695,0
ENSG00000235663,0
ENSG00000262514,0
ENSG00000262202,0
ENSG00000265148,0
ENSG00000259172,1
ENSG00000261253,0
ENSG00000246067,1
ENSG00000271714,1
ENSG00000271888,1
ENSG00000249896,0
ENSG00000230487,0
ENSG00000275413,1
ENSG00000254258,1
ENSG00000265115,0
ENSG00000261845,0
ENSG00000176593,0
ENSG00000259527,1
ENSG00000274292,0
ENSG00000238279,0
ENSG00000276337,0
ENSG00000253730,1
ENSG00000272108,0
ENSG00000265967,0
ENSG00000273805,0
ENSG00000230131,0
ENSG00000231551,1
ENSG00000238062,1
ENSG00000271991,1
ENSG00000261200,1
ENSG00000186056,0
ENSG00000254665,0
ENSG00000279821,0
ENSG00000267871,0
ENSG00000245149,0
ENSG00000269821,0
ENSG00000280309,0
ENSG00000235016,0
ENSG00000280056,1
ENSG00000276564,1
ENSG00000260892,0
ENSG00000235927,0
ENSG00000226674,0
ENSG00000228889,1
ENSG00000215447,0
ENSG00000272808,0
ENSG00000257285,0
ENSG00000235888,0
ENSG00000268049,0
ENSG00000273203,0
ENSG00000268584,1
ENSG00000259645,1
ENSG00000279107,0
ENSG00000272367,1
ENSG00000232756,0
ENSG00000279393,1
ENSG00000261685,0
ENSG00000272195,0
ENSG00000270605,0
ENSG00000257391,0
ENSG00000226792,0
ENSG00000273091,1
ENSG00000278896,0
ENSG00000268119,0
ENSG00000226849,0
ENSG00000260947,1
ENSG00000254261,1
ENSG00000248019,0
ENSG00000271715,1
ENSG00000221953,0
ENSG00000260971,1
ENSG00000224790,1
ENSG00000267745,1
ENSG00000272153,0
ENSG00000246777,1
ENSG00000229921,0
ENSG00000249378,1
ENSG00000273729,0
ENSG00000223776,1
ENSG00000233175,0
ENSG00000224738,1
ENSG00000232710,0
ENSG00000268218,0
ENSG00000262477,1
ENSG00000227199,0
ENSG00000269068,0
ENSG00000198547,0
ENSG00000259005,0
ENSG00000277662,1
ENSG00000234129,1
ENSG00000271234,0
ENSG00000228022,0
ENSG00000177410,1
ENSG00000263235,0
ENSG00000235609,1
ENSG00000269934,0
ENSG00000176868,1
ENSG00000254635,0
ENSG00000273061,1
ENSG00000265254,0
ENSG00000233098,1
ENSG00000272990,1
ENSG00000259804,0
ENSG00000255559,0
ENSG00000272831,1
ENSG00000236618,1
ENSG00000272449,1
ENSG00000278600,0
ENSG00000270091,1
ENSG00000245975,1
ENSG00000228495,0
ENSG00000224078,0
ENSG00000225518,0
ENSG00000242622,0
ENSG00000280073,0
ENSG00000224794,0
ENSG00000270540,0
ENSG00000233030,0
ENSG00000274367,0
ENSG00000204241,0
ENSG00000233695,0
ENSG00000230013,0
ENSG00000228393,1
ENSG00000270265,1
ENSG00000279189,0
ENSG00000264290,0
ENSG00000247151,1
ENSG00000224810,0
ENSG00000230537,0
ENSG00000273437,1
ENSG00000279089,1
ENSG00000275805,1
ENSG00000258743,1
ENSG00000274225,0
ENSG00000242082,1
ENSG00000261617,0
ENSG00000272512,0
ENSG00000223947,0
ENSG00000249267,0
ENSG00000233621,0
ENSG00000280332,0
ENSG00000204110,1
ENSG00000276397,0
ENSG00000275897,0
ENSG00000213062,0
ENSG00000229348,0
ENSG00000261490,0
ENSG00000265975,0
ENSG00000273382,0
ENSG00000226800,1
ENSG00000231106,0
ENSG00000272288,1
ENSG00000246695,1
ENSG00000268231,0
ENSG00000273264,1
ENSG00000182648,0
ENSG00000276900,1
ENSG00000177133,0
ENSG00000269439,1
ENSG00000271553,1
ENSG00000279255,0
ENSG00000248150,0
ENSG00000234840,0
ENSG00000254859,0
ENSG00000235560,1
ENSG00000258526,1
ENSG00000196295,0
ENSG00000261519,0
ENSG00000273973,1
ENSG00000250519,1
ENSG00000117242,0
ENSG00000239922,0
ENSG00000230174,0
ENSG00000271643,1
ENSG00000272767,0
ENSG00000271869,1
ENSG00000263280,1
ENSG00000204791,1
ENSG00000224418,0
ENSG00000259583,0
ENSG00000244998,0
ENSG00000247121,1
ENSG00000254739,0
ENSG00000260306,0
ENSG00000234692,0
ENSG00000237892,1
ENSG00000278903,0
ENSG00000263244,1
ENSG00000253658,0
ENSG00000257910,0
ENSG00000233016,1
ENSG00000271452,1
ENSG00000224848,1
ENSG00000271133,1
ENSG00000282012,1
ENSG00000260088,0
ENSG00000224843,1
ENSG00000277067,0
ENSG00000260834,0
ENSG00000273004,1
ENSG00000260186,0
ENSG00000261211,1
ENSG00000273084,0
ENSG00000269392,1
ENSG00000273064,1
ENSG00000234210,0
ENSG00000249310,1
ENSG00000276727,0
ENSG00000234233,1
ENSG00000250838,0
ENSG00000267030,0
ENSG00000243819,1
ENSG00000268912,0
ENSG00000272356,0
ENSG00000271926,1
ENSG00000246283,0
ENSG00000260997,0
ENSG00000204949,0
ENSG00000242242,1
ENSG00000282304,1
ENSG00000196951,1
ENSG00000260000,1
ENSG00000235257,1
ENSG00000254676,0
ENSG00000256073,1
ENSG00000272969,0
ENSG00000279236,0
ENSG00000261924,0
ENSG00000184608,0
ENSG00000188511,1
ENSG00000278829,1
ENSG00000251085,0
ENSG00000246339,1
ENSG00000258365,0
ENSG00000203801,1
ENSG00000254985,0
ENSG00000270015,0
ENSG00000279135,0
ENSG00000232081,0
ENSG00000268108,1
ENSG00000266371,0
ENSG00000279233,0
ENSG00000236094,0
ENSG00000232527,1
ENSG00000225815,0
ENSG00000272791,1
ENSG00000227053,1
ENSG00000271270,0
ENSG00000259048,1
ENSG00000275857,0
ENSG00000189149,0
ENSG00000272056,0
ENSG00000278926,0
ENSG00000226239,0
ENSG00000273320,1
ENSG00000254480,1
ENSG00000225127,1
ENSG00000249307,0
ENSG00000254744,0
ENSG00000279522,1
ENSG00000240707,0
ENSG00000260774,0
ENSG00000259780,0
ENSG00000255966,1
ENSG00000275191,1
ENSG00000235072,0
ENSG00000279328,0
ENSG00000261167,1
ENSG00000203279,0
ENSG00000279694,0
ENSG00000272070,0
ENSG00000278396,1
ENSG00000250899,1
ENSG00000179428,0
ENSG00000256034,1
ENSG00000281103,1
ENSG00000246582,0
ENSG00000266830,0
ENSG00000273925,0
ENSG00000231817,1
ENSG00000267547,1
ENSG00000237054,0
ENSG00000249898,1
ENSG00000235908,1
ENSG00000279597,0
ENSG00000273786,1
ENSG00000237943,1
ENSG00000186019,1
ENSG00000268287,0
ENSG00000258384,0
ENSG00000235831,1
ENSG00000233527,1
ENSG00000235215,1
ENSG00000272218,0
ENSG00000277491,1
ENSG00000270108,0
ENSG00000226419,1
ENSG00000234869,0
ENSG00000244879,1
ENSG00000268670,0
ENSG00000280028,0
ENSG00000263004,1
ENSG00000245261,0
ENSG00000278983,0
ENSG00000251141,1
ENSG00000230082,0
ENSG00000277287,0
ENSG00000275759,1
ENSG00000254905,0
ENSG00000272993,1
ENSG00000272374,0
ENSG00000250410,0
ENSG00000278730,0
ENSG00000261643,0
ENSG00000226377,1
ENSG00000249825,0
ENSG00000250049,1
ENSG00000229404,0
ENSG00000251359,0
ENSG00000279495,0
ENSG00000280374,1
ENSG00000278954,1
ENSG00000273007,0
ENSG00000273055,0
ENSG00000256712,0
ENSG00000267092,1
ENSG00000270504,0
ENSG00000274270,0
ENSG00000275367,0
ENSG00000250286,0
ENSG00000272168,0
ENSG00000214733,1
ENSG00000276651,0
ENSG00000272416,0
ENSG00000240401,1
ENSG00000253738,1
ENSG00000254226,0
ENSG00000267723,0
ENSG00000260743,1
ENSG00000260018,1
ENSG00000267629,0
ENSG00000235026,1
ENSG00000265666,1
ENSG00000238009,0
ENSG00000228701,1
ENSG00000277245,1
ENSG00000223960,1
ENSG00000260719,0
ENSG00000224093,0
ENSG00000176753,0
ENSG00000265692,1
ENSG00000233251,0
ENSG00000232485,0
ENSG00000278922,0
ENSG00000266402,1
ENSG00000269945,1
ENSG00000185433,1
ENSG00000232006,0
ENSG00000273619,0
ENSG00000230724,0
ENSG00000260362,0
ENSG00000204685,0
ENSG00000228010,0
ENSG00000257698,1
ENSG00000242288,1
ENSG00000270964,1
ENSG00000230679,1
ENSG00000229425,0
ENSG00000267719,0
ENSG00000233013,0
ENSG00000272523,0
ENSG00000279748,0
ENSG00000262580,0
ENSG00000261069,0
ENSG00000259891,1
ENSG00000261325,0
ENSG00000248101,0
ENSG00000282885,0
ENSG00000263551,0
ENSG00000263508,0
ENSG00000224184,0
ENSG00000246100,1
ENSG00000274528,1
ENSG00000254027,0
ENSG00000181908,0
ENSG00000253399,0
ENSG00000261033,1
ENSG00000280321,0
ENSG00000267221,0
ENSG00000234665,1
ENSG00000280406,0
ENSG00000279197,1
ENSG00000229152,1
ENSG00000245526,1
ENSG00000224536,1
ENSG00000267575,0
ENSG00000280152,0
ENSG00000281731,1
ENSG00000272821,0
ENSG00000226386,0
ENSG00000263612,0
ENSG00000270124,0
ENSG00000273472,1
ENSG00000237886,0
ENSG00000272720,0
ENSG00000260285,0
ENSG00000277214,0
ENSG00000272405,0
ENSG00000237298,0
ENSG00000260868,0
ENSG00000227542,0
ENSG00000235652,0
ENSG00000234380,0
ENSG00000277504,0
ENSG00000269086,1
ENSG00000278376,0
ENSG00000272750,1
ENSG00000280376,0
ENSG00000247199,0
ENSG00000268628,0
ENSG00000267078,0
ENSG00000278000,0
ENSG00000227051,0
ENSG00000267072,0
ENSG00000258701,0
ENSG00000261266,1
ENSG00000203809,1
ENSG00000266469,1
ENSG00000257069,0
ENSG00000274561,1
ENSG00000246095,1
ENSG00000248187,1
ENSG00000279434,0
ENSG00000261526,1
ENSG00000254718,0
ENSG00000229539,0
ENSG00000280219,0
ENSG00000259319,1
ENSG00000256923,0
ENSG00000214719,1
ENSG00000250786,1
ENSG00000280194,1
ENSG00000231346,0
ENSG00000267296,1
ENSG00000279879,0
ENSG00000277200,0
ENSG00000267313,0
ENSG00000263272,0
ENSG00000259658,1
ENSG00000227885,1
ENSG00000268812,1
ENSG00000261175,1
ENSG00000268516,1
ENSG00000231689,0
ENSG00000240591,0
ENSG00000271757,1
ENSG00000271862,1
ENSG00000225383,0
ENSG00000230313,1
ENSG00000227210,1
ENSG00000228799,0
ENSG00000265750,0
ENSG00000253931,0
ENSG00000260647,1
ENSG00000272263,0
ENSG00000236449,1
ENSG00000278997,0
ENSG00000279901,0
ENSG00000266578,0
ENSG00000186235,0
ENSG00000227838,0
ENSG00000264772,0
ENSG00000260190,0
ENSG00000271659,1
ENSG00000263571,0
ENSG00000259539,0
ENSG00000273471,0
ENSG00000261019,1
ENSG00000244479,1
ENSG00000280417,0
ENSG00000261136,1
ENSG00000247572,0
ENSG00000236886,0
ENSG00000278546,0
ENSG00000251450,1
ENSG00000260475,0
ENSG00000245466,0
ENSG00000247735,1
ENSG00000270039,1
ENSG00000235121,0
ENSG00000227598,0
ENSG00000264569,1
ENSG00000249395,1
ENSG00000280187,1
ENSG00000279865,1
ENSG00000233509,0
ENSG00000241475,0
ENSG00000261487,1
ENSG00000272927,0
ENSG00000234997,0
ENSG00000243155,0
ENSG00000268798,0
ENSG00000260838,1
ENSG00000274718,1
ENSG00000272086,1
ENSG00000259976,0
ENSG00000177640,0
ENSG00000263146,0
ENSG00000266850,1
ENSG00000228222,0
ENSG00000234076,1
ENSG00000273998,0
ENSG00000264247,1
ENSG00000237594,1
ENSG00000270116,0
ENSG00000225555,1
ENSG00000273387,0
ENSG00000262601,0
ENSG00000260482,1
ENSG00000269072,1
ENSG00000261462,0
ENSG00000151303,0
ENSG00000185065,0
ENSG00000258824,0
ENSG00000277476,0
ENSG00000273137,0
ENSG00000224086,0
ENSG00000236269,0
ENSG00000260879,1
ENSG00000272800,1
ENSG00000234779,1
ENSG00000279481,0
ENSG00000276809,0
ENSG00000205181,0
ENSG00000279625,0
ENSG00000272078,0
ENSG00000227308,0
ENSG00000224429,0
ENSG00000266896,0
ENSG00000234203,0
ENSG00000203644,1
ENSG00000255101,1
ENSG00000277152,0
ENSG00000228775,0
ENSG00000227145,0
ENSG00000228817,0
ENSG00000259153,1
ENSG00000246820,0
ENSG00000272524,1
ENSG00000273018,0
ENSG00000248925,1
ENSG00000280269,1
ENSG00000244968,1
ENSG00000093100,0
ENSG00000269978,0
ENSG00000270019,1
ENSG00000228592,1
ENSG00000231842,1
ENSG00000277144,0
ENSG00000262766,0
ENSG00000225431,0
ENSG00000255082,0
ENSG00000266897,1
ENSG00000265125,0
ENSG00000228192,1
ENSG00000204850,0
ENSG00000239513,0
ENSG00000273240,1
ENSG00000272502,0
ENSG00000231113,0
ENSG00000233718,1
ENSG00000235997,1
ENSG00000268333,0
ENSG00000254936,0
ENSG00000260905,0
ENSG00000229414,0
ENSG00000274818,1
ENSG00000267682,1
ENSG00000272630,0
ENSG00000184068,0
ENSG00000241014,0
ENSG00000255568,0
ENSG00000198590,0
ENSG00000179743,0
ENSG00000277938,0
ENSG00000261068,0
ENSG00000269883,0
ENSG00000260966,1
ENSG00000233332,1
ENSG00000249635,0
ENSG00000246792,0
ENSG00000232677,0
ENSG00000279372,1
ENSG00000260448,1
ENSG00000272922,1
ENSG00000276174,1
ENSG00000269749,0
ENSG00000276533,0
ENSG00000247033,0
ENSG00000227811,1
ENSG00000269473,1
ENSG00000260855,1
ENSG00000240015,0
ENSG00000249532,1
ENSG00000269936,1
ENSG00000261241,0
ENSG00000261090,0
ENSG00000280798,1
ENSG00000255606,1
ENSG00000258479,0
ENSG00000256894,0
ENSG00000244558,0
ENSG00000260790,0
ENSG00000264853,0
ENSG00000259810,0
ENSG00000231871,0
ENSG00000235563,0
ENSG00000280594,0
ENSG00000273189,0
ENSG00000261716,1
ENSG00000279544,0
ENSG00000233871,0
ENSG00000203993,0
ENSG00000231840,1
ENSG00000269352,0
ENSG00000251381,0
ENSG00000280248,0
ENSG00000278811,0
ENSG00000216895,1
ENSG00000260296,1
ENSG00000256790,0
ENSG00000272787,0
ENSG00000260273,1
ENSG00000270083,1
ENSG00000258924,1
ENSG00000241520,0
ENSG00000267858,0
ENSG00000279415,0
ENSG00000251364,0
ENSG00000273783,1
ENSG00000278768,0
ENSG00000273113,1
ENSG00000245904,0
ENSG00000258938,0
ENSG00000262879,0
ENSG00000275807,0
ENSG00000269867,0
ENSG00000214548,0
ENSG00000251161,0
ENSG00000259349,0
ENSG00000246273,0
ENSG00000254100,0
ENSG00000249413,0
ENSG00000261126,0
ENSG00000279118,1
ENSG00000272888,1
ENSG00000258520,0
ENSG00000269983,1
ENSG00000233834,1
ENSG00000278982,1
ENSG00000259033,0
ENSG00000246022,1
ENSG00000254338,0
ENSG00000229852,0
ENSG00000251533,0
ENSG00000234787,1
ENSG00000255647,0
ENSG00000262420,0
ENSG00000251455,0
ENSG00000248268,0
ENSG00000263105,1
ENSG00000272983,0
ENSG00000258609,0
ENSG00000259605,0
ENSG00000260066,1
ENSG00000223813,0
ENSG00000256596,0
ENSG00000225756,0
ENSG00000253633,0
ENSG00000278338,1
ENSG00000163597,1
ENSG00000260372,1
ENSG00000274605,1
ENSG00000276170,1
ENSG00000253404,1
ENSG00000278467,0
ENSG00000237233,0
ENSG00000230910,0
ENSG00000258904,0
ENSG00000273328,0
ENSG00000265222,0
ENSG00000237346,0
ENSG00000275149,0
ENSG00000265100,0
ENSG00000259062,0
ENSG00000179935,1
ENSG00000185837,0
ENSG00000177822,0
ENSG00000275263,1
ENSG00000188185,0
ENSG00000270820,0
ENSG00000279819,0
ENSG00000280378,0
ENSG00000243926,1
ENSG00000272540,1
ENSG00000279456,0
ENSG00000241570,1
ENSG00000246731,0
ENSG00000260337,0
ENSG00000260095,1
ENSG00000229931,0
ENSG00000275180,1
ENSG00000267651,0
ENSG00000230923,0
ENSG00000258655,1
ENSG00000259362,0
ENSG00000243008,1
ENSG00000274712,1
ENSG00000270953,0
ENSG00000263327,0
ENSG00000250790,1
ENSG00000273486,1
ENSG00000278875,0
ENSG00000253641,0
ENSG00000240288,0
ENSG00000260773,1
ENSG00000189196,0
ENSG00000254414,0
ENSG00000250889,0
ENSG00000235236,1
ENSG00000225725,0
ENSG00000279948,0
ENSG00000258982,1
ENSG00000237517,0
ENSG00000263731,1
ENSG00000230805,0
ENSG00000280302,0
ENSG00000254812,0
ENSG00000255267,0
ENSG00000233593,1
ENSG00000188825,0
ENSG00000275585,0
ENSG00000223784,1
ENSG00000254876,0
ENSG00000249685,0
ENSG00000256092,0
ENSG00000260409,0
ENSG00000279537,0
ENSG00000224812,0
ENSG00000267904,1
ENSG00000232650,1
ENSG00000229582,1
ENSG00000256139,1
ENSG00000230551,1
ENSG00000276529,0
ENSG00000275236,0
ENSG00000255717,0
ENSG00000253369,0
ENSG00000231185,0
ENSG00000269155,1
ENSG00000251611,1
ENSG00000259676,1
ENSG00000267201,1
ENSG00000272033,0
ENSG00000282564,1
ENSG00000273384,1
ENSG00000275910,0
ENSG00000251536,0
ENSG00000279075,1
ENSG00000234694,1
ENSG00000276704,0
ENSG00000258735,0
ENSG00000272264,0
ENSG00000242687,0
ENSG00000260121,0
ENSG00000282390,0
ENSG00000185847,1
ENSG00000275850,0
ENSG00000255031,0
ENSG00000228395,1
ENSG00000279161,1
ENSG00000272844,1
ENSG00000234753,1
ENSG00000248508,1
ENSG00000251095,1
ENSG00000272807,1
ENSG00000279048,1
ENSG00000261320,0
ENSG00000279613,0
ENSG00000248787,0
ENSG00000234690,1
ENSG00000176236,1
ENSG00000276523,1
ENSG00000248275,1
ENSG00000255867,1
ENSG00000248774,1
ENSG00000236714,1
ENSG00000272851,1
ENSG00000277369,0
ENSG00000248932,0
ENSG00000239213,1
ENSG00000229267,0
ENSG00000245937,0
ENSG00000280832,0
ENSG00000233723,0
ENSG00000270074,0
ENSG00000280058,0
ENSG00000224965,0
ENSG00000276248,1
ENSG00000231764,0
ENSG00000245025,0
ENSG00000233360,0
ENSG00000234684,1
ENSG00000261668,0
ENSG00000225032,0
ENSG00000247240,1
ENSG00000269935,0
ENSG00000268460,0
ENSG00000279259,0
ENSG00000237149,0
ENSG00000271736,1
ENSG00000174171,1
ENSG00000240219,0
ENSG00000264812,0
ENSG00000270696,1
ENSG00000253572,0
ENSG00000251034,0
ENSG00000269416,1
ENSG00000264860,0
ENSG00000254501,0
ENSG00000282787,0
ENSG00000231690,0
ENSG00000279789,0
ENSG00000271327,1
ENSG00000279022,0
ENSG00000282317,0
ENSG00000255517,1
ENSG00000247556,1
ENSG00000223475,0
ENSG00000232300,0
ENSG00000279329,0
ENSG00000259881,0
ENSG00000244733,1
ENSG00000180139,0
ENSG00000266208,0
ENSG00000223764,0
ENSG00000258633,0
ENSG00000279998,1
ENSG00000245498,0
ENSG00000280355,0
ENSG00000230068,1
ENSG00000272050,1
ENSG00000249085,0
ENSG00000228784,0
ENSG00000235545,1
ENSG00000254419,0
ENSG00000250900,0
ENSG00000234132,1
ENSG00000263766,1
ENSG00000268069,0
ENSG00000230102,0
ENSG00000273226,0
ENSG00000275185,1
ENSG00000245688,0
ENSG00000280099,1
ENSG00000255130,1
ENSG00000275091,0
ENSG00000255893,0
ENSG00000197085,1
ENSG00000243960,0
ENSG00000269929,1
ENSG00000233029,1
ENSG00000204623,0
ENSG00000272323,1
ENSG00000278356,1
ENSG00000233922,0
ENSG00000279684,0
ENSG00000273759,0
ENSG00000205791,1
ENSG00000273212,1
ENSG00000279092,0
ENSG00000230269,1
ENSG00000272189,1
ENSG00000265800,0
ENSG00000276728,1
ENSG00000233393,0
ENSG00000237036,1
ENSG00000228421,0
ENSG00000262380,0
ENSG00000236810,1
ENSG00000278385,0
ENSG00000231290,0
ENSG00000277142,0
ENSG00000249786,0
ENSG00000273148,1
ENSG00000279464,1
ENSG00000178412,0
ENSG00000254910,0
ENSG00000269921,1
ENSG00000248663,1
ENSG00000271141,0
ENSG00000280325,1
ENSG00000273192,0
ENSG00000260070,1
ENSG00000232586,0
ENSG00000279607,1
ENSG00000240057,1
ENSG00000272163,1
ENSG00000279354,0
ENSG00000247317,0
ENSG00000261481,0
ENSG00000278965,1
ENSG00000272604,1
ENSG00000278952,1
ENSG00000255621,1
ENSG00000267042,0
ENSG00000215498,0
ENSG00000265218,1
ENSG00000261488,0
ENSG00000243319,0
ENSG00000260267,0
ENSG00000215246,1
ENSG00000233221,1
ENSG00000260367,1
ENSG00000258999,0
ENSG00000279355,0
ENSG00000241832,0
ENSG00000267778,0
ENSG00000280228,0
ENSG00000247324,0
ENSG00000242808,1
ENSG00000280046,1
ENSG00000234771,0
ENSG00000213971,0
ENSG00000279982,0
ENSG00000264964,0
ENSG00000236901,0
ENSG00000267568,1
ENSG00000271871,0
ENSG00000232874,0
ENSG00000258815,0
ENSG00000225163,0
ENSG00000225335,1
ENSG00000260083,1
ENSG00000229719,0
ENSG00000272498,0
ENSG00000257913,1
ENSG00000280383,0
ENSG00000179253,1
ENSG00000267481,1
ENSG00000255318,0
ENSG00000275898,1
ENSG00000263826,1
ENSG00000272256,1
ENSG00000278022,0
ENSG00000232633,0
ENSG00000255441,0
ENSG00000256955,0
ENSG00000230185,0
ENSG00000178440,1
ENSG00000272562,0
ENSG00000267106,0
ENSG00000264608,1
ENSG00000248131,1
ENSG00000272417,1
ENSG00000204460,0
ENSG00000281641,0
ENSG00000229196,0
ENSG00000273058,0
ENSG00000260578,0
ENSG00000228956,0
ENSG00000269994,1
ENSG00000279670,0
ENSG00000260233,1
ENSG00000250490,0
ENSG00000215244,0
ENSG00000271754,0
ENSG00000225039,0
ENSG00000205913,0
ENSG00000264672,0
ENSG00000245105,0
ENSG00000260614,1
ENSG00000227431,1
ENSG00000260086,0
ENSG00000223478,1
ENSG00000278878,1
ENSG00000260920,1
ENSG00000278133,1
ENSG00000203711,1
ENSG00000273108,0
ENSG00000235296,0
ENSG00000279711,1
ENSG00000254035,0
ENSG00000269947,0
ENSG00000272030,0
ENSG00000204055,0
ENSG00000273245,0
ENSG00000272744,1
ENSG00000270344,0
ENSG00000270016,0
ENSG00000242797,0
ENSG00000270154,1
ENSG00000269051,0
ENSG00000248690,0
ENSG00000259937,1
ENSG00000226009,0
ENSG00000249906,0
ENSG00000214146,0
ENSG00000271758,1
ENSG00000248243,0
ENSG00000260288,0
ENSG00000227354,1
ENSG00000280402,0
ENSG00000278390,1
ENSG00000279799,0
ENSG00000230091,0
ENSG00000196696,0
ENSG00000206195,1
ENSG00000271155,0
ENSG00000261662,0
ENSG00000267277,0
ENSG00000233461,1
ENSG00000230337,1
ENSG00000248801,1
ENSG00000224424,1
ENSG00000246662,1
ENSG00000259943,1
ENSG00000261338,1
ENSG00000247081,0
ENSG00000256806,1
ENSG00000272589,0
ENSG00000257261,0
ENSG00000272768,0
ENSG00000281796,0
ENSG00000249054,0
ENSG00000273001,0
ENSG00000273287,0
ENSG00000230212,1
ENSG00000274363,1
ENSG00000229727,0
ENSG00000260760,0
ENSG00000282057,0
ENSG00000267436,0
ENSG00000232406,0
ENSG00000235499,0
ENSG00000273492,1
ENSG00000231439,1
ENSG00000273008,0
ENSG00000266835,0
ENSG00000246774,0
ENSG00000282164,0
ENSG00000246089,1
ENSG00000234883,1
ENSG00000267199,0
ENSG00000231742,1
ENSG00000272343,1
ENSG00000279347,1
ENSG00000259954,0
ENSG00000279825,0
ENSG00000259420,0
ENSG00000231196,0
ENSG00000265055,0
ENSG00000260274,1
ENSG00000277782,0
ENSG00000271874,0
ENSG00000273345,1
ENSG00000224950,0
ENSG00000259222,0
ENSG00000224660,0
ENSG00000253978,1
ENSG00000225450,0
ENSG00000269892,1
ENSG00000250658,0
ENSG00000249502,1
ENSG00000273329,0
ENSG00000263063,0
ENSG00000273680,0
ENSG00000274238,0
ENSG00000247982,0
ENSG00000260369,0
ENSG00000262228,0
ENSG00000251023,0
ENSG00000274248,0
ENSG00000270277,0
ENSG00000261189,1
ENSG00000177337,1
ENSG00000237310,1
ENSG00000264643,1
ENSG00000246982,1
ENSG00000229893,0
ENSG00000235621,0
ENSG00000263862,1
ENSG00000278867,1
ENSG00000272758,1
ENSG00000215374,0
ENSG00000254154,0
ENSG00000224992,0
ENSG00000261553,1
ENSG00000260884,1
ENSG00000272017,0
ENSG00000205015,0
ENSG00000170161,1
ENSG00000260577,0
ENSG00000278090,1
ENSG00000271401,1
ENSG00000225339,1
ENSG00000267980,0
ENSG00000228141,0
ENSG00000228013,0
ENSG00000273372,0
ENSG00000231609,1
ENSG00000277047,1
ENSG00000267546,1
ENSG00000266869,0
ENSG00000267260,1
ENSG00000265689,1
ENSG00000275484,0
ENSG00000248587,0
ENSG00000258875,0
ENSG00000253392,0
ENSG00000261529,0
ENSG00000228439,1
ENSG00000279642,0
ENSG00000225092,0
ENSG00000245556,1
ENSG00000272335,1
ENSG00000261542,1
ENSG00000257815,1
ENSG00000250508,0
ENSG00000180861,1
ENSG00000282572,0
ENSG00000261186,1
ENSG00000276855,1
ENSG00000259488,0
ENSG00000253230,0
ENSG00000237491,0
ENSG00000261168,0
ENSG00000272476,1
ENSG00000271895,1
ENSG00000279489,0
ENSG00000236204,0
ENSG00000245534,1
ENSG00000274395,1
ENSG00000260280,0
ENSG00000203876,1
ENSG00000269038,1
ENSG00000278869,0
ENSG00000243836,0
ENSG00000234323,1
ENSG00000269937,0
ENSG00000280173,1
ENSG00000197462,0
ENSG00000234327,1
ENSG00000276462,0
ENSG00000238197,1
ENSG00000257497,1
ENSG00000279875,0
ENSG00000268129,1
ENSG00000267506,0
ENSG00000233483,0
ENSG00000266176,0
ENSG00000258649,1
ENSG00000259330,0
ENSG00000230699,0
ENSG00000270171,0
ENSG00000225387,0
ENSG00000273033,0
ENSG00000253327,1
ENSG00000273450,0
ENSG00000244625,0
ENSG00000273254,0
ENSG00000267892,0
ENSG00000277459,0
ENSG00000261578,0
ENSG00000224043,0
ENSG00000214432,1
ENSG00000244300,0
ENSG00000273451,0
ENSG00000265702,1
ENSG00000257842,0
ENSG00000279569,0
ENSG00000236780,0
ENSG00000279406,0
ENSG00000263812,0
ENSG00000250061,0
ENSG00000279583,0
ENSG00000232442,0
ENSG00000253549,0
ENSG00000258458,1
ENSG00000256443,0
ENSG00000280120,1
ENSG00000272277,1
ENSG00000228794,0
ENSG00000268592,1
ENSG00000258354,0
ENSG00000273373,1
ENSG00000250397,0
ENSG00000272217,1
ENSG00000236947,1
ENSG00000257298,0
ENSG00000254271,0
ENSG00000240567,0
ENSG00000260236,1
ENSG00000261098,1
ENSG00000272379,1
ENSG00000279078,0
ENSG00000262319,0
ENSG00000271858,0
ENSG00000278989,0
ENSG00000270571,1
ENSG00000230561,0
ENSG00000225764,1
ENSG00000223669,0
ENSG00000271853,0
ENSG00000250988,1
ENSG00000279094,1
ENSG00000227403,1
ENSG00000250742,1
ENSG00000267365,0
ENSG00000280234,0
ENSG00000266933,0
ENSG00000234492,1
ENSG00000280551,0
ENSG00000274964,1
ENSG00000273888,1
ENSG00000234614,0
ENSG00000280042,0
ENSG00000268543,1
ENSG00000275088,0
ENSG00000278698,0
ENSG00000273030,1
ENSG00000260589,1
ENSG00000260219,1
ENSG00000232533,1
ENSG00000239467,1
ENSG00000235152,0
ENSG00000237037,0
ENSG00000231365,1
ENSG00000250222,1
ENSG00000273145,0
ENSG00000099869,1
ENSG00000204277,0
ENSG00000248605,1
ENSG00000237248,0
ENSG00000276740,0
ENSG00000264456,1
ENSG00000235280,0
ENSG00000264577,0
ENSG00000182873,0
ENSG00000241168,1
ENSG00000257935,0
ENSG00000250950,1
ENSG00000232973,0
ENSG00000275393,0
ENSG00000241684,0
ENSG00000261610,0
ENSG00000267096,0
ENSG00000258789,1
ENSG00000267144,1
ENSG00000270574,0
ENSG00000260063,0
