ID,gene_length,GC_content,Length_ExonProj,repeat_coverage,hg38_phastCons100way_exons_merged_mean_score,hg38_phastCons20way_exons_merged_mean_score,hg38_phastCons7way_exons_merged_mean_score,phastcons_elements_100way_exons_merged_percentage,phastcons_elements_20way_exons_merged_percentage,phastcons_elements_7way_exons_merged_percentage,promoters_hg38_100way_phastCons_elements,promoters_hg38_20way_phastCons_elements,promoters_hg38_7way_phastCons_elements,Distance_closest_pc,K562_cytosol,A549_cell,GM12878_cell,GM12878_cytosol,H1.hESC_cell,H1.hESC_cytosol,H1.hESC_nucleus,endothelial.cell.of.umbilical.vein_cell,endothelial.cell.of.umbilical.vein_cytosol,endothelial.cell.of.umbilical.vein_nucleus,HepG2_nucleus,HepG2_cell,HepG2_cytosol,K562_cell,keratinocyte_nucleus,keratinocyte_cytosol,keratinocyte_cell,SK.N.SH_cell,GM12878_nucleus,HeLa.S3_cytosol,HeLa.S3_nucleus,HeLa.S3_cell,K562_nucleus,MCF.7_cell,A549_cytosol,A549_nucleus,MCF.7_nucleus,SK.N.SH_cytosol,SK.N.SH_nucleus,MCF.7_cytosol,HT1080_nucleus,HT1080_cytosol,SK.MEL.5_nucleus,SK.N.DZ_nucleus,SK.MEL.5_cytosol,SK.N.DZ_cytosol,NCI.H460_cytosol,NCI.H460_nucleus,max_exp,min_exp,mean_exp,median_exp,Tau_exp,genomic_classification_is_1,genomic_classification_is_2,genomic_classification_is_3,genomic_classification_is_4,genomic_classification_is_5,genomic_classification_is_6,genomic_classification_is_7,genomic_classification_is_8,CRISPR_candidate_is_1,lncRNA_DB_is_1,DISEASE_DB_is_1,GWAS_SNP_is_1,with_repeat_Alu,with_repeat_CR1,with_repeat_ERV1,with_repeat_ERVK,with_repeat_ERVL,with_repeat_ERVL-MaLR,with_repeat_Gypsy,with_repeat_L1,with_repeat_L2,with_repeat_Low_complexity,with_repeat_MIR,with_repeat_SVA,with_repeat_Satellite,with_repeat_Simple_repeat,with_repeat_TcMar-Mariner,with_repeat_TcMar-Tigger,with_repeat_centr,with_repeat_hAT-Blackjack,with_repeat_hAT-Charlie,with_repeat_hAT-Tip100
ENSG00000273254,0.000369757,0.576663109,0.006200941,0.0,0.138537008,0.135469291,0.167624647,0.14015748,0.133858268,0.124409449,0.074626866,0.134328358,0.0,0.216021147,0.000626887,0.0,0.0,0.0,0.0,7.9e-05,0.000122741,0.000260494,0.000254021,0.00012183,0.000558248,0.00079767,0.0,0.000222748,6.4e-05,6.38e-05,0.0,0.000366004,0.000208976,0.00027791,0.0,0.000214923,0.000293708,0.000355163,0.000730178,0.0,0.000483506,0.000183703,0.00030588,0.000702679,0.0,0.0,0.0,0.0,0.0,0.0,0.000140575,0.0,0.000152411,0.0,0.000107212,5.71e-05,0.916972711,0,0,0,0,0,0,1,0,0,0,0,0.0,0,0,0,0,0,0,0,0,0,0,0,0,0,1,0,0,0,0,0,0
ENSG00000244459,0.003986603,0.727143365,0.005578664,0.171132855,0.7818,0.705673684,0.680558244,0.135181976,0.116117851,0.105719237,0.417910448,0.36318408,0.333333333,0.22638501,0.0,0.000487932,0.000140045,0.000234036,0.0,0.00021161,0.000132802,0.000732198,0.000660454,3.43e-05,0.0,0.0,0.0,9.9e-05,0.0,0.0,0.000924891,0.000549006,0.0,0.000272667,1.33e-05,4.61e-05,6.36e-05,0.0,0.002319388,0.000800983,0.0,0.00080042,0.0,0.000609166,0.0,0.0,0.0,0.0,0.0,0.0,0.0,0.0,0.000795603,0.0,0.001247088,0.001538163,0.712335267,0,0,1,0,0,0,0,0,0,0,0,0.0,0,0,0,0,0,0,0,1,0,0,0,0,0,0,0,0,0,0,0,0
ENSG00000255327,0.000516227,0.503735326,0.007576502,0.239262597,0.006695906,0.015140351,0.03273464,0.0,0.0,0.0,0.0,0.0,0.0,0.365251907,0.0,0.0,0.0,0.0,8.14e-05,1.53e-05,0.0,0.0,6.77e-05,0.0,0.0,0.0,0.0,0.0,0.0,0.0,0.0,0.0,0.0,0.0,0.0,0.0,0.0,0.0,0.0,0.0,0.0,0.000314919,0.0,0.0,0.0,0.0,0.0,0.0,0.0,0.0,0.0,0.0,1.02e-05,0.0,3.61e-06,0.0,1.0,0,1,0,0,0,0,0,0,0,0,0,0.0,0,0,0,0,0,0,0,0,0,0,1,0,0,0,0,0,0,0,1,0
ENSG00000242622,0.027224644,0.3660619,0.02320986,0.242972774,0.085641758,0.21338022,0.398413019,0.140374943,0.187928669,0.218564243,0.412935323,0.776119403,0.298507463,0.216081002,0.000996149,0.000625933,0.001651053,0.000905948,0.001319383,0.000515003,0.000515111,0.000858925,0.000316115,0.000550138,0.001461296,0.002303383,0.000783241,0.001262238,0.000343494,0.0,0.000602143,0.001763473,0.000333178,0.000419487,0.001326787,0.001343266,0.000437179,0.001864608,0.001374452,0.001961028,0.004301081,0.000268994,0.001339317,0.000713366,0.002779812,0.000433853,0.0,0.001955571,0.001087272,0.002102175,0.001392971,0.000724232,0.000234783,0.0,0.000463586,0.000499266,0.615927963,0,1,0,0,0,0,0,0,0,0,0,0.0,1,0,0,0,0,0,0,1,0,0,1,0,0,1,0,0,0,0,0,0
ENSG00000233101,0.036921645,0.561721807,0.020142141,0.032631538,0.080528369,0.205035461,0.139465712,0.54918464,0.574960547,0.508679642,0.68159204,0.726368159,0.696517413,0.216403557,0.0,0.000295717,0.000339056,0.0,0.0,0.0,0.0,0.0,0.0,0.0,0.0,0.0,0.0,0.0,0.0,0.0,0.0,0.000155274,0.0,0.0,0.0,0.0,0.0,0.0,0.000472468,0.0,0.0,0.0,0.0,0.0,0.0,0.0,0.0,0.0,0.0,0.0,0.0,0.0,0.003293944,0.0,0.003837165,0.000877478,0.807677086,0,0,0,0,0,0,1,0,0,0,1,0.0,0,0,0,0,0,0,0,0,0,1,0,0,0,0,0,0,0,0,0,0
ENSG00000205181,0.005519661,0.519743863,0.067970174,0.11649759,0.056393651,0.019819048,0.117057685,0.008583691,0.010014306,0.010014306,0.094527363,0.0,0.0,0.226974974,0.0,2.96e-05,0.000110562,9.06e-05,3.26e-05,7.65e-06,1.41e-05,0.000682916,0.000423368,0.000129444,0.000363956,0.00059153,0.000372361,0.0,1.01e-05,1.16e-05,0.0,0.00336058,4.14e-05,0.0,0.0,0.0,0.0,0.0,1.72e-05,0.0,0.0,0.000495342,0.000294956,0.0,5.19e-05,1.29e-05,0.0,0.002387283,0.00014497,0.00273528,2.56e-05,0.0,0.00324793,0.000288206,0.002046487,0.001505874,0.934344636,0,0,1,0,0,0,0,0,0,0,0,0.0,1,0,1,0,1,0,0,0,0,0,1,0,0,0,0,0,0,0,0,0
ENSG00000268996,0.001174368,0.703308431,0.0,0.0,0.017399786,0.018906467,0.074614044,0.0,0.0,0.0,0.0,0.0,0.0,0.215979026,0.0,0.001069508,0.0,0.000905948,0.000385499,0.000117278,5.23e-05,0.001731931,0.00142816,8e-05,0.000175137,0.001541564,0.001502282,0.000392461,4.38e-05,0.000168089,0.000115611,0.002695119,0.000124203,0.0,0.000771444,0.0,0.000106926,0.002486144,0.004570054,0.001905788,0.00025238,0.00152539,0.000214116,0.002821402,0.000720906,0.002223901,0.000363634,0.000223004,0.003207451,0.0,0.00315655,0.000794749,5.46e-05,0.0,0.000151206,0.000256386,0.427562814,0,1,0,0,0,0,0,0,0,0,0,0.0,1,0,1,0,0,0,0,0,0,0,0,0,0,0,0,0,0,0,0,0
ENSG00000235578,0.000712823,0.523479189,0.004126683,0.024438232,0.005287879,0.006128788,0.010313264,0.0,0.0,0.0,0.0,0.0,0.0,0.21767022,0.0,0.0,0.0,0.0,0.0,0.00010453,0.000167009,0.0,0.0,0.0,0.0,0.0,0.0,0.0,0.0,0.0,0.0,0.0,0.0,0.0,0.0,0.0,0.0,0.0,0.0,0.0,0.0,0.0,0.0,0.0,0.0,0.0,0.0,0.0,0.0,0.0,0.0,0.0,0.0,0.0,0.0,0.0,0.0,0,0,1,0,0,0,0,0,0,0,0,0.0,0,0,0,0,0,0,0,0,0,0,1,0,0,0,0,0,0,0,0,0
ENSG00000225439,0.001292196,0.500889363,0.019279686,0.26419311,0.038295671,0.094218635,0.152895358,0.003275109,0.0,0.0,0.154228856,0.139303483,0.0,0.215952701,0.009463411,0.001365225,0.000339056,0.000286883,0.006455746,0.001924886,0.000800837,0.002428927,0.002105548,0.000194166,0.001403829,0.010235268,0.00679879,0.006608187,0.000165012,0.001054901,0.000635863,0.007353349,4.14e-05,0.000980552,0.000111069,0.000606389,0.001039484,0.0,0.001950004,0.001408626,6.11e-05,0.003818397,0.001123016,0.000138933,0.002670235,0.002660968,0.001088461,0.0,0.006469266,0.004761661,0.020204473,0.001174018,0.001431331,0.000407782,0.003011152,0.004131187,0.585326014,0,1,0,0,0,0,0,0,0,0,0,0.0,1,1,0,0,0,1,0,1,1,0,0,0,0,1,0,0,0,0,0,0
ENSG00000174365,0.002783591,0.57203842,0.0,0.0,0.04700607,0.062396055,0.105050672,0.038420491,0.016008538,0.0,0.049751244,0.0,0.0,0.222015838,0.016037132,0.012691168,0.009847351,0.024362439,0.018520228,0.004038437,0.00700833,0.01905124,0.009901158,0.008838372,0.027348678,0.028931212,0.018341968,0.007322394,0.00614249,0.010009969,0.00805426,0.022320686,0.008794723,0.0,0.014970114,0.0,0.011786234,0.008393072,0.03043553,0.071577523,0.025110449,0.006783887,0.029340436,0.006067617,0.019435617,0.003499751,0.033342038,0.044289104,0.015964772,0.014775415,0.015118211,0.013017111,0.003128549,0.004868399,0.007839153,0.011584191,0.490130841,1,0,0,0,0,0,0,0,0,0,1,0.0,0,0,0,0,0,0,0,0,0,0,1,0,0,0,0,0,0,0,0,0
ENSG00000267365,0.001545427,0.468516542,0.025917314,0.0,0.119595248,0.170489963,0.153344662,0.106104056,0.122490783,0.102417042,0.233830846,0.393034826,0.194029851,0.216150834,0.0,3.94e-05,0.000368539,0.000369929,0.000195464,4.08e-05,3.62e-05,0.001485518,0.001371711,0.001147865,0.0,0.0,0.0,0.0,1.01e-05,1.74e-05,0.0,0.000998192,0.000139974,0.0,1.45e-05,0.0,0.0,0.0,9.45e-05,8.29e-05,0.0,0.000206666,0.000137646,0.0,0.000144181,0.000260312,0.0,0.0,0.0,0.0,0.000102236,0.000158187,0.000285424,0.000286082,0.000625497,0.000633672,0.56454972,0,0,0,0,0,0,1,0,0,0,0,0.0,0,0,0,0,0,0,0,0,0,0,0,0,0,1,0,0,0,0,0,0
ENSG00000235919,0.001194549,0.729633582,0.020600662,0.115558008,0.089392523,0.057040498,0.059386155,0.21955261,0.149958575,0.187241094,0.641791045,0.562189055,0.651741294,0.216152219,0.015062453,0.002370661,0.009147128,0.009942774,0.009778637,0.003005882,0.001684172,0.0,0.00141687,0.000774761,0.003346751,0.005987004,0.006952871,0.008786166,0.000752657,0.00095057,0.001083857,0.002961303,0.004082912,0.004341693,0.00357834,0.004352181,0.005458645,0.006206013,0.010102225,0.01955504,0.003376574,0.002427503,0.005138782,0.003996986,0.004775279,0.002140344,0.0,0.009300397,0.003406785,0.003183357,0.015884984,0.014417927,0.0011284,0.001545533,0.00240486,0.003153757,0.578820169,0,0,0,0,0,0,1,0,0,0,0,0.0,0,0,0,0,0,0,0,0,0,0,1,0,0,1,0,0,0,0,0,0
ENSG00000214401,0.002005019,0.436499466,0.009912772,0.48527737,0.064509774,0.188314286,0.240927083,0.113963039,0.22073922,0.098562628,0.084577114,0.68159204,0.815920398,0.224072538,0.00150281,0.003198667,0.002439726,0.001336273,0.0,0.000499706,0.000175057,0.005604134,0.009037488,0.000833773,0.000342064,0.003728434,0.002709244,0.002588118,0.0,0.003413939,0.002654245,0.003504764,0.0,0.002065975,0.000236624,0.001826842,0.000389807,0.001233726,0.005798471,0.003397274,0.000353332,0.004208765,0.000699154,0.00184353,0.0,0.006231421,0.000976198,0.001592475,0.014143592,0.002877951,0.000115016,0.0,0.012424676,0.002591876,0.009292055,0.006473909,0.906449393,0,0,0,0,1,0,0,0,0,0,0,0.0,1,0,0,0,0,1,0,0,0,0,0,0,0,0,0,0,0,0,0,0
ENSG00000189149,0.011506075,0.3660619,0.026714265,0.152076208,0.117772701,0.136344708,0.194125593,0.07646356,0.082039028,0.015929908,0.0,0.0,0.0,0.216559015,0.000390731,0.00017743,0.000560179,0.000951245,0.0,1.02e-05,5.84e-05,0.0,3.39e-05,0.000144673,0.000410476,0.000286803,0.0,0.000300533,0.000117866,0.000110127,0.000187869,0.0,0.000264177,0.000393269,0.000268013,0.000299356,0.0,0.000397222,0.0,0.0,0.000600398,6.89e-05,0.0,0.000133589,0.000720906,0.0,0.000785839,0.0,0.000443969,0.0,0.001188498,0.0,9.31e-05,0.0,0.000186173,0.000234921,0.6097122,0,0,0,0,1,0,0,0,0,0,0,0.0,1,0,1,0,0,0,0,1,0,0,0,0,0,1,0,0,0,0,0,0
ENSG00000188185,0.038663668,0.414976877,0.033264555,0.101153527,0.003102374,0.006726261,0.20373156,0.0,0.011601676,0.051563004,0.0,0.074626866,0.0,0.223017031,0.000330618,0.001596869,0.002314422,0.003004726,0.003936431,0.000576191,0.001694233,0.001541841,0.000649164,0.001361067,0.001127442,0.000743894,0.0,0.000671779,0.001326832,0.000672355,0.0,0.00920555,0.002517566,0.000692154,0.000608463,0.000498927,0.000592831,0.002752517,0.002929302,0.023421856,0.00711445,0.0014401,0.01399182,0.000822909,0.002652933,0.000716662,0.0,0.0,0.006007176,0.000260821,0.002722045,0.0,0.000693359,0.0,0.001471959,0.001964306,0.580779989,0,0,1,0,0,0,0,0,0,0,0,0.0,1,0,1,0,0,0,0,0,0,0,1,0,0,0,0,1,0,0,1,0
ENSG00000226137,0.003700172,0.676627535,0.049367351,0.294235541,0.020481113,0.223431412,0.241098251,0.036051142,0.05617271,0.048836722,0.074626866,0.164179105,0.144278607,0.216015327,0.002537602,0.001030079,4.42e-05,0.000105694,0.001938353,0.000655226,0.000533221,0.005280277,0.0057578,0.000428308,0.000695073,0.002885951,0.002612944,0.001371844,0.000427684,0.0,0.000857451,0.010763839,1.97e-05,0.000665936,0.00015453,0.000272491,0.000250397,0.001789837,0.003831286,0.003507754,0.000478193,0.005475003,0.001889901,0.00166452,0.001643665,0.001452606,0.00103477,0.000405981,0.008535083,0.001342004,0.000357827,0.0,0.003395931,0.001175918,0.007335261,0.008817343,0.571998546,0,1,0,0,0,0,0,0,0,0,1,0.0,1,0,0,0,0,0,0,1,0,0,0,0,0,1,0,1,0,0,0,0
ENSG00000175061,0.025901852,0.556741373,0.0,0.0,0.014023438,0.036367188,0.069187773,0.089042922,0.077845908,0.058651026,0.139303483,0.0,0.0,0.230582374,1.0,0.659551398,0.555910991,0.823921545,0.896452869,0.209210899,0.0710431,1.0,0.760181992,0.073857417,0.131609697,1.0,1.0,0.532579526,0.066440926,1.0,0.540044896,0.394274813,0.085066912,1.0,0.10486082,0.630294866,0.11868933,0.46597441,0.751516193,0.470190993,0.063530606,0.454930455,0.091460271,0.264749574,0.3105258,0.653511802,0.172591781,0.486276696,0.967182517,1.0,1.0,0.448497601,0.174479044,0.469772724,0.542313631,0.921700568,0.347434254,0,0,0,0,0,0,1,0,0,0,1,0.0,1,0,0,0,0,0,0,0,0,0,1,0,0,0,0,0,0,0,0,0
ENSG00000221990,0.001038313,0.609747421,0.0,0.0,0.0127858,0.046151625,0.053082063,0.0,0.0,0.0,0.0,0.0,0.0,0.215949376,0.001459873,0.000507647,0.000663369,0.001910039,0.0,0.000257501,0.000327981,0.00095045,0.000722547,9.9e-05,0.00040774,0.001622227,0.002542324,0.000502067,0.000141439,0.0,0.00040464,0.003754312,0.000569755,0.0,0.001271252,0.0,0.000392514,0.002196405,0.004406838,0.00251343,0.00089794,0.002427503,0.00114268,0.004600809,0.00385252,0.00779972,0.001439892,0.001292278,0.0,0.003366155,0.004613419,0.00170385,0.000668722,0.000853522,0.00121588,0.00160357,0.652950648,0,0,0,0,0,0,1,0,0,0,0,0.0,1,0,0,0,0,0,0,0,0,0,0,0,0,0,0,0,0,0,0,0
ENSG00000273382,0.001835764,0.509605123,0.030786362,0.352701971,0.053358504,0.075498095,0.191287295,0.04295116,0.03152061,0.030827849,0.517412935,0.348258707,0.457711443,0.216241171,0.000145987,0.000537218,0.000221123,0.000234036,0.000141169,5.86e-05,5.23e-05,0.000309776,0.000406433,0.000127541,7.11e-05,0.000304728,0.00030174,0.000173248,0.000131336,0.000191273,0.000216771,0.000715371,7.89e-05,0.000346077,0.000100203,0.000299356,6.09e-05,0.001565523,0.000970707,0.000870034,0.000475536,0.000669204,0.000201007,0.00091375,0.000317199,0.000395289,0.0,0.0,0.000434909,1.78e-05,0.000677316,0.0,0.000314289,0.0,0.000441473,0.000521149,0.750893985,0,0,0,0,0,0,1,0,0,0,0,0.0,1,0,0,0,0,0,0,0,0,0,1,0,0,1,0,0,0,0,0,0
ENSG00000273888,0.001406768,0.56261117,0.0,0.0,0.071093454,0.113399524,0.128182477,0.040843806,0.044883303,0.023339318,0.253731343,0.104477612,0.223880597,0.261018879,0.0,0.0,9.58e-05,0.0,0.000200894,7.14e-05,4.63e-05,0.000865965,0.000524976,0.000799508,0.0,0.000116514,0.0,1.77e-05,0.0,0.0,0.0,0.001624835,2.96e-05,3.67e-05,0.000115898,0.000142002,0.0,0.001584216,0.00079031,0.001270525,0.000887314,0.000610156,0.00152066,0.000448859,0.001816682,0.000803432,0.0,0.0,0.002808785,0.000229612,0.000396166,0.001600933,0.0,0.0,0.0,0.0,0.0,0,0,0,0,1,0,0,0,0,0,0,0.0,1,0,0,0,0,0,0,0,0,0,0,0,0,0,0,1,0,0,0,0
ENSG00000274265,0.048774042,0.334756314,0.0,0.0,0.099066964,0.081607143,0.143944877,0.227924528,0.0,0.212830189,0.910447761,0.0,1.0,0.236028113,0.0,0.002025658,0.004135003,0.00206858,0.002676773,0.001142184,0.000368224,0.000696997,0.001179784,0.000228431,0.000342064,0.001254761,0.001399562,0.000540959,0.00023068,0.001327321,0.000992331,0.001708018,0.001350456,0.0,0.0,0.000710012,0.00030995,0.001612255,0.001142514,0.000345251,0.000348018,0.001528671,0.0,0.000331301,0.000865087,0.001532949,0.0,0.0,0.0,0.0,0.000984026,0.0,0.0,0.0,0.0,0.0,0.0,0,1,0,0,0,0,0,0,0,0,0,0.0,1,0,0,0,0,0,0,0,0,1,0,0,0,0,0,0,0,0,0,0
ENSG00000227372,0.007595637,0.594450374,0.071278071,0.0,0.172377675,0.068667438,0.28769651,0.100722423,0.010419561,0.06557377,0.0,0.0,0.0,0.23924479,0.024302589,0.004297747,0.005756573,0.013951592,0.035482172,0.007885659,0.00724174,0.019100522,0.013361483,0.005158731,0.011227899,0.017252969,0.01300052,0.012555201,0.003281719,0.007146666,0.004846044,0.032618702,0.00441609,0.011541144,0.008862549,0.004839595,0.01398431,0.0,0.023520316,0.046898952,0.0,0.0089752,0.024133923,0.0,0.001914726,0.00040493,0.0,0.012150842,0.0,0.009008366,0.007757188,0.007671138,0.002381547,0.006898797,0.0077978,0.011040224,0.308102102,0,0,0,0,0,0,1,0,0,0,1,0.0,1,0,1,0,0,0,0,0,1,0,0,0,0,0,0,0,0,0,0,0
ENSG00000265148,0.058750313,0.445393099,0.03857029,0.007979705,0.79752,0.886353333,0.840957265,0.249582173,0.278830084,0.218941504,0.328358209,0.631840796,0.577114428,0.216866051,0.0,0.0,0.015802935,0.034244817,0.000754709,7.39e-05,7.24e-05,7.74e-05,2.82e-05,3.05e-05,9.03e-05,0.000188214,0.00010272,0.00090867,1.01e-05,1.16e-05,0.0,0.001053647,0.007473839,0.0,4.71e-05,7.29e-05,0.000392514,0.000168235,0.000206168,0.000276201,0.000502103,9.84e-05,0.000170419,9.35e-05,0.000720906,0.001012325,0.0,0.000523201,0.0,0.000341074,7.67e-05,0.0,0.006051615,0.000612657,0.00386994,0.001470888,0.932118519,0,0,0,0,0,0,1,0,0,0,0,0.0,0,0,0,0,0,0,0,0,0,0,1,0,0,0,0,0,0,0,0,0
ENSG00000273311,0.001397004,0.497509783,0.023428203,0.190205589,0.009757795,0.019225938,0.052933615,0.004066878,0.0,0.0,0.208955224,0.228855721,0.253731343,0.236476475,0.00558616,0.000458361,0.0009582,0.001155083,0.001091341,0.000201412,0.000315908,0.003062561,0.002511981,0.001073625,0.000670445,0.000842483,0.000468661,0.003694786,0.001133195,0.001785217,0.002013565,0.000809645,0.000857589,0.001012013,0.000319926,0.000529631,0.001917902,0.001186994,0.00104802,0.00248581,0.000810272,0.000623278,0.000412938,0.000435501,0.00096313,0.000510983,0.000480777,0.0,0.002926573,0.000378971,0.000600639,0.0,0.000485358,0.000111839,0.001045781,0.00165107,0.573266428,0,0,0,0,0,0,0,1,0,0,0,0.0,1,0,0,0,0,0,0,1,0,0,0,0,0,0,0,0,0,0,0,0
ENSG00000277182,0.00132149,0.625400213,0.0,0.0,0.03358989,0.10830329,0.074829493,0.013352408,0.066285169,0.013352408,0.044776119,0.074626866,0.0,0.21607546,0.000790049,0.000231645,0.000899234,0.001019191,0.000504949,0.000147872,6.84e-05,0.000154888,0.000124188,0.000197973,0.000602032,0.000887296,0.000507181,0.000540959,2.02e-05,2.9e-05,3.85e-05,0.00270621,0.000812245,0.0,0.000237832,0.0,0.000384393,0.000406569,0.000609913,0.000939084,0.000175337,0.000226348,0.000541844,0.000235117,0.000432543,0.000369579,0.0,0.0,0.0,0.001107933,0.000702875,0.0,0.0,0.0,0.0,0.0,0.0,0,0,0,0,0,0,1,0,0,0,0,0.0,0,0,0,0,0,0,0,0,1,0,0,0,0,1,0,0,0,0,0,0
ENSG00000230415,0.003339528,0.516186411,0.004858132,0.212464943,0.006724771,0.004963303,0.288243225,0.207843137,0.0,0.0,0.0,0.0,0.0,0.215952978,0.0,0.0,0.000265348,0.0,0.002350999,0.000734261,0.002110749,0.0,0.0,0.005950625,0.012845176,0.001684965,0.0,0.0,0.000415898,0.0,0.0,0.00336058,0.001876838,0.0,0.001979918,0.0,0.003221318,0.00144402,0.0,0.0,0.007467782,0.0,0.009466982,0.0,0.005461581,0.0,0.0,0.00558081,0.0,0.0,0.0,0.0,0.000267861,0.0,0.00053302,0.000622801,0.61228515,1,0,0,0,0,0,0,0,0,0,0,0.0,1,0,1,0,0,0,0,0,0,0,0,0,0,0,0,0,0,0,0,0
ENSG00000261534,0.002415788,0.573639274,0.040513543,0.108551395,0.095606935,0.065015087,0.088441658,0.093700371,0.05108523,0.043673902,0.0,0.0,0.0,0.216634665,2.58e-05,0.000123215,0.0,9.06e-05,0.0,1.02e-05,2.82e-05,0.001830496,0.002060389,0.000942277,0.000229867,0.00031369,0.00021186,0.0,0.004819026,0.004474636,0.003034799,0.001868838,4.34e-05,0.000157308,0.0,4.22e-05,9.47e-06,0.000588824,0.000163216,0.000510972,0.000175337,0.001886235,0.003910893,0.00012023,0.005057874,0.001532949,0.000119584,0.0,0.0,0.0,0.000332268,6.86e-05,0.00039467,0.000824029,0.001049664,0.001615142,0.453677916,0,0,1,0,0,0,0,0,0,0,0,0.0,0,0,0,0,0,0,0,0,0,0,1,0,0,1,0,0,0,0,0,0
ENSG00000269834,0.005765732,0.448772679,0.044672977,0.420876986,0.112848684,0.092049342,0.216671604,0.014203178,0.0,0.025517573,0.0,0.0,0.0,0.215971544,0.0,3.45e-05,0.0,0.0,0.00418619,0.001259462,0.000704254,0.002752784,0.001100756,0.002162479,0.002914383,0.003495407,0.000892381,4.95e-05,0.002086224,0.000956367,0.0,0.003499218,6.7e-05,0.0,0.0,0.0,0.0,0.000462647,0.0,0.0,0.000507416,0.000652801,0.003288209,7.75e-05,0.00226076,0.0,0.001466737,0.0,0.0,0.001638493,7.67e-05,9.72e-05,0.001392117,0.000784196,0.003128252,0.005493844,0.551369157,0,1,0,0,0,0,0,0,0,0,0,0.0,1,0,0,0,1,1,0,0,0,0,0,0,0,1,0,0,0,0,0,0
ENSG00000259943,0.000958894,0.344895055,0.016080962,0.719514264,0.080966883,0.160581818,0.132557849,0.040909091,0.118181818,0.038961039,0.064676617,0.084577114,0.0,0.215987339,0.0,0.002242517,0.01126254,0.004280602,0.002812512,0.001287507,0.000462795,0.002210676,0.002766002,0.000770954,0.00163096,0.008613041,0.005649609,0.017179871,0.000739187,0.001107067,0.001835331,0.006920799,0.001723064,0.0,0.002834664,0.006509082,0.0,0.006645295,0.002508376,0.002071508,0.001474429,0.004520404,0.001710743,0.003243544,0.004977133,0.004518503,0.004126876,0.009074535,0.004484996,0.008560289,0.004523962,0.003754569,0.001675595,0.003808162,0.00369429,0.005075979,0.561400285,0,1,0,0,0,0,0,0,0,0,0,0.0,0,0,0,0,0,0,0,0,0,0,0,0,0,0,0,0,0,0,1,0
ENSG00000272686,0.001322141,0.366417645,0.022172731,0.190241196,0.046512869,0.083765968,0.096092351,0.027168732,0.037178265,0.026692088,0.313432836,0.805970149,0.746268657,0.215948821,0.003769907,0.001739799,0.00334633,0.002453608,0.001688593,0.000724063,0.00042054,0.000816683,0.001100756,0.00024366,0.000435105,0.002930764,0.002612944,0.005575768,0.000255937,0.001251971,0.000857451,0.003343944,0.000666356,0.001557347,0.000735226,0.001838355,0.001752776,0.004243268,0.003857057,0.003438704,0.000974983,0.002174911,0.000609575,0.002425978,0.002162717,0.0018961,0.00542766,0.005249164,0.004738692,0.005272157,0.003731629,0.001812485,0.001531466,0.002973308,0.002652993,0.003510268,0.673292768,0,1,0,0,0,0,0,0,0,0,0,0.0,0,0,0,0,0,0,0,1,0,0,1,0,0,0,0,0,0,0,0,0
ENSG00000259291,0.004965677,0.571682675,0.012008865,0.196814505,0.538270833,0.718783854,0.614350115,0.17,0.205517241,0.15862069,0.527363184,0.482587065,0.482587065,0.236801801,0.002679296,0.001306081,0.004341385,0.00518655,0.001922064,0.000379878,0.000541269,0.002914713,0.002370859,0.000970831,0.000755277,0.001684965,0.000738301,0.0,7.24e-05,0.0,0.00010116,0.005162872,0.001993155,0.000325103,9.05e-05,0.000188057,0.000776906,0.002986177,0.000859033,0.002831062,0.005788793,0.000298517,0.00037361,0.000801535,0.00062863,0.000234602,0.000136668,0.0,0.000933242,0.000771318,0.000383387,0.0,0.002521733,0.003653839,0.005702218,0.007174624,0.548027024,0,0,0,0,0,0,1,0,0,0,0,0.0,1,0,0,0,0,0,0,0,0,0,1,0,0,1,0,0,0,0,1,0
ENSG00000273066,0.006999339,0.709178228,0.046583478,0.07771445,0.286699392,0.125108601,0.279772708,0.299815072,0.163892742,0.291493296,0.024875622,0.154228856,0.0,0.213461771,0.000695586,0.000630862,0.00075919,0.000558668,0.000472372,0.000234556,0.000474868,0.000401301,0.000254021,0.000449247,0.120299703,0.041684965,0.008217613,0.000845028,8.92e-05,4.64e-05,0.000120429,0.003854131,0.000686071,0.000550577,0.000511881,0.000506603,0.001507793,0.001289804,0.000962117,0.005234011,0.004208099,0.000265713,0.006185328,0.000341988,0.000905458,0.000151045,0.001076258,0.009509106,0.0,0.001346462,0.000600639,0.0,0.000150565,0.0,0.00031765,0.000442908,0.583910901,0,0,0,0,0,0,0,1,0,0,0,0.0,1,0,0,0,0,0,0,0,0,0,0,0,0,1,0,0,0,0,0,0
ENSG00000269958,0.000483678,0.498754891,0.008111442,0.0,0.025738272,0.064758025,0.053827161,0.008641975,0.058024691,0.0,0.0,0.0,0.0,0.25320774,0.005530342,0.004839894,0.009036566,0.011263948,0.009067365,0.002610706,0.001927643,0.025648066,0.011588983,0.012767383,0.009356127,0.009186646,0.007190411,0.003079578,0.012557754,0.012977604,0.011459979,0.004852323,0.008140195,0.006538758,0.002232237,0.004478832,0.003018294,0.011767125,0.016106864,0.0,0.015020576,0.003352578,0.015785587,0.004509968,0.018558996,0.002648113,0.0,0.003453698,0.013581835,0.002091029,0.013980831,0.011940293,0.005483965,0.018490739,0.016012995,0.023815822,0.392012342,0,0,0,0,0,1,0,0,0,0,0,0.0,0,0,0,0,0,0,0,0,0,0,0,0,0,0,0,0,0,0,0,0
ENSG00000232098,0.002720446,0.7113127,0.036561535,0.623165493,0.001980392,0.00447619,0.01037308,0.0,0.0,0.0,0.0,0.0,0.0,0.217017906,0.006522197,0.004169603,0.00477626,0.004424044,0.0,0.000466562,0.00075657,0.002717583,0.002167642,0.001833158,0.010516407,0.015442527,0.004526107,0.007637069,0.004116882,0.003947185,0.003343096,0.017729002,0.003509215,0.006150732,0.006085834,0.0,0.006272096,0.005425589,0.005875784,0.019113118,0.006344028,0.002437344,0.009617738,0.002500788,0.013097415,0.004685617,0.005039621,0.000443148,0.010392505,0.0,0.006530351,0.001793426,0.002449412,0.008327706,0.006529204,0.009244144,0.452251286,0,0,0,0,1,0,0,0,0,0,0,0.0,0,0,0,0,0,0,0,0,0,0,0,1,0,1,0,0,0,0,0,0
ENSG00000247095,0.001777176,0.720384205,0.024596338,0.162225984,0.099595238,0.162761905,0.056346725,0.023285899,0.009918068,0.01250539,0.054726368,0.0,0.07960199,0.216402725,0.036325071,0.0,0.0,0.055021214,0.012775754,0.002995684,0.00333615,0.003259691,0.001309617,0.000679582,0.043838885,0.027022182,0.022091254,0.012555201,0.007859962,0.00549476,0.0,0.010519836,0.02395729,0.0,0.001981126,0.000460548,0.024530743,0.00106549,0.005042522,0.028959688,0.01630904,0.001295762,0.009982609,0.001383983,0.031483393,0.00541192,0.003426454,0.005337793,0.000779211,0.001544865,0.002619808,0.0,0.000944332,0.0,0.001859694,0.002587634,0.617162291,0,0,0,1,0,0,0,0,0,0,0,0.0,1,0,0,0,0,0,0,0,0,0,0,0,0,0,0,0,0,0,1,0
ENSG00000232527,0.015096882,0.468160797,0.00842804,0.290180204,0.003301587,0.190968254,0.048024063,0.263473054,0.0,0.0,0.0,0.0,0.0,0.249918461,0.003860075,0.017126917,0.004503542,0.020172432,0.000781857,0.000221808,0.000146887,0.038665709,0.037188613,0.005476631,0.010738064,0.065507506,0.05863395,0.002135551,0.004297049,0.070492905,0.025261089,0.047996407,0.002020756,0.005311758,0.000426165,0.001527485,0.001187015,0.011729739,0.08136758,0.0,0.001272525,0.037413069,0.009713871,0.004338974,0.0,0.0,0.0,0.0,0.020341041,0.009777455,0.010875399,0.0,0.001756873,0.001000775,0.00517807,0.008168149,0.385533517,0,0,1,0,0,0,0,0,0,0,0,0.0,1,0,0,0,0,1,0,0,0,0,0,0,0,0,0,0,0,0,0,0
ENSG00000225205,0.049272041,0.381714692,0.025971899,0.059929369,0.202536489,0.261930966,0.224963334,0.087776866,0.069729286,0.058654635,0.049751244,0.139303483,0.0,0.216235352,0.001627329,0.000157715,0.006147224,0.005095955,0.00173203,0.000586389,0.000474868,0.001302468,0.001033017,0.000228431,0.000333854,0.000618418,0.00031458,0.00189866,2.86e-05,0.000307197,0.0,0.000371549,0.003012404,0.0,0.000123141,0.000134327,0.001211378,0.0,0.0,0.0,0.0,0.0,0.000216301,0.000106871,0.001459113,0.004415664,0.0,0.0,0.0,0.0,0.001265176,0.001023454,0.001193,0.001124987,0.001539254,0.001913869,0.777995542,0,0,0,0,0,0,1,0,0,0,0,0.0,1,0,1,0,1,1,0,1,0,0,1,0,0,0,0,0,0,0,0,0
ENSG00000225541,0.058665035,0.343294201,0.01325342,0.210229104,0.040622047,0.006700787,0.027108478,0.01015625,0.01796875,0.0,0.034825871,0.0,0.0,0.207949249,0.006410559,0.0,0.0,0.0,0.000152028,1.02e-05,0.000144875,0.00095045,0.000242731,0.000751918,0.0,0.0,0.0,0.003433146,3.54e-05,0.0,1.45e-05,0.0,0.0,0.0,0.0,0.0,0.005787545,0.0,0.0,0.0,3.19e-05,0.0,8.3e-05,0.0,0.0,0.0,0.0,0.0,0.0,0.0,0.000460064,0.001252158,0.000277957,0.0,0.00019125,0.000122309,0.920616109,0,0,0,0,0,1,0,0,0,0,0,0.0,0,0,0,0,0,1,0,0,0,0,0,0,0,0,0,0,0,0,0,0
ENSG00000264456,0.001037011,0.428850943,0.01739102,0.0,0.147890361,0.193539759,0.176913282,0.0,0.0,0.0,0.0,0.0,0.0,0.216743015,0.0,0.001039937,0.001702648,0.001804346,0.002025226,0.000438517,0.000299811,0.000873006,0.000225796,0.000491126,0.0,0.0,0.0,0.0,0.000791384,0.000556431,0.000785194,0.0,0.000824074,0.000623987,0.000639852,0.000963313,6.77e-06,0.001275784,0.003264324,0.01233238,0.000882001,6.56e-06,2.4e-05,0.000259163,0.002001234,0.000176755,0.001315427,0.0,0.0,0.0,0.004140575,0.001993543,0.000375135,0.000336722,0.000884815,0.0012575,0.524952609,0,0,0,0,0,1,0,0,0,0,0,0.0,1,0,0,0,0,0,0,1,0,0,0,0,0,0,0,0,0,0,0,0
ENSG00000230615,0.055595663,0.421380292,0.040841057,0.405292382,0.131155235,0.429711191,0.268203277,0.128526646,0.052413793,0.043134796,0.12437811,0.184079602,0.263681592,0.217239593,0.00087163,0.003193739,0.000110562,0.000430325,0.000939314,0.000573642,0.00013079,0.000478745,0.000208861,0.0,0.0,0.000573605,0.000590641,0.000926348,0.000141439,0.000585412,0.000317931,0.002473298,0.0,0.0,0.0,0.014223266,0.000186782,0.000453301,0.003281505,0.002706771,0.000249723,0.003493636,0.001315284,0.001341235,0.003246959,0.002066428,0.0,0.0,0.002210786,0.0,0.000677316,0.0,0.001426882,0.0,0.000642447,1.08e-05,0.976938816,0,1,0,0,0,0,0,0,0,0,0,0.0,1,0,1,0,1,0,0,1,1,0,1,0,0,1,0,0,0,0,1,1
ENSG00000278916,0.001571466,0.416933476,0.0,0.0,0.053198307,0.069933091,0.048478253,0.030632809,0.026199113,0.0,0.114427861,0.144278607,0.0,0.215952701,0.000725643,0.000152787,0.000936088,0.000838001,0.000504949,0.000170818,7.65e-05,0.000161928,0.000101608,1.33e-05,0.0,0.000295765,0.0,0.000760171,1.52e-05,4.06e-05,4.82e-05,0.000366004,0.000203061,0.000115359,0.00014125,0.0,0.000215206,0.000443954,0.000240529,0.000262391,0.000138145,0.000108254,2.62e-05,0.000181681,0.000490216,0.00043064,0.000649172,0.000920605,0.0,0.000633105,0.000268371,0.0,0.0,0.0,0.0,0.0,0.0,0,1,0,0,0,0,0,0,0,0,0,0.0,1,0,0,0,0,0,0,1,0,0,1,0,0,1,0,0,0,0,0,0
ENSG00000278962,0.00143476,0.341337602,0.0,0.0,0.019754734,0.075540291,0.095821502,0.0,0.016292382,0.0,0.0,0.0,0.0,0.215989556,0.0,4.93e-05,0.0,0.0,4.89e-05,2.55e-05,1.81e-05,0.000260494,0.00028789,4e-05,8.21e-05,0.000259915,0.0,0.0,0.0,0.0,0.0,0.000881736,0.0,0.0,0.0,0.0,0.0,0.0,2.58e-05,4.14e-05,1.59e-05,0.000328041,5.68e-05,2.14e-05,0.0,0.0,0.0,0.0,0.0,0.0,0.000370607,0.0,0.0,0.0,0.0,0.0,0.0,0,0,1,0,0,0,0,0,0,0,0,0.0,0,0,0,0,0,0,0,1,0,0,0,0,0,0,0,0,0,0,0,0
ENSG00000264885,0.00114898,0.445748844,0.019268769,0.0,0.416872271,0.001806452,0.396000549,0.3930131,0.0,0.254912664,0.0,0.0,0.0,0.219495812,0.001240892,0.001503226,0.000294831,0.000377478,0.002633336,0.000578741,0.000422552,0.00191498,0.001258813,0.000508259,0.000467943,0.001102397,0.001020782,0.000632887,0.000383906,0.000591208,0.000732205,0.002417843,0.0,0.000524359,4.47e-05,0.000345411,0.000211145,0.001060817,0.002190533,0.004212067,0.000616338,0.001007086,0.000592096,0.000360691,0.0,0.000668456,0.000102501,0.001195071,0.001195999,0.001981796,0.002785942,0.0,0.002432671,0.004460766,0.005972901,0.008067654,0.502067054,0,0,0,0,0,1,0,0,1,0,0,0.0,0,0,0,0,0,0,0,0,0,1,0,0,0,0,0,0,0,0,0,0
ENSG00000279692,0.000955639,0.73621487,0.0,0.0,0.249274919,0.253104235,0.27688812,0.252117264,0.242345277,0.235830619,0.034825871,0.218905473,0.0,0.216411316,0.0,0.000157715,0.0,0.0,0.0,0.000130025,0.000185118,0.000689956,0.000491106,5.71e-05,0.00138741,0.003522294,0.004673767,0.0,3.37e-06,0.0,1.45e-05,0.000216275,0.0,0.0,0.000488943,0.0,4.06e-06,0.000383203,0.001872691,0.003010592,0.000398494,0.000705288,0.001101168,0.000844283,0.0,0.0,0.0,0.002355834,0.0,0.002155677,0.001329073,0.0,0.0,0.0,0.0,0.0,0.0,0,0,0,0,0,0,1,0,0,0,0,0.0,0,0,0,0,0,0,0,0,0,0,0,0,0,1,0,0,0,0,0,0
ENSG00000257379,0.016743211,0.434898613,0.016408476,0.0,0.879410423,0.996612378,0.989886187,0.853658537,0.86521181,0.84338896,0.243781095,0.0,0.0,0.215986231,0.002249922,0.0,0.0,0.0,0.004153613,0.00074191,0.003022254,0.006913643,0.0,0.006375125,0.003067627,0.005404436,0.0,0.0,0.001774722,0.000695539,0.00111276,0.006493795,0.010541444,0.000849462,0.005666913,0.002168415,0.004909126,0.005182582,0.012937033,0.0,0.013878225,0.0,0.009456058,0.001269097,0.009942731,0.0,0.0,0.001832633,0.001594665,0.0,0.002364217,0.000914819,0.0,0.0,0.0,0.0,0.0,0,0,0,0,0,0,0,1,0,0,0,0.0,0,0,0,0,0,0,0,0,0,0,0,0,0,0,0,0,0,0,0,0
ENSG00000182310,0.012355604,0.540199217,0.039083396,0.244183786,0.005392655,0.014319209,0.155005777,0.145604396,0.109340659,0.03543956,0.447761194,0.422885572,0.36318408,0.216149448,0.005766498,0.006072046,0.0,0.0,0.006928118,0.001550107,0.002790857,0.013221814,0.005786024,0.017336001,0.003735336,0.002025543,0.0,0.003967033,0.002352264,0.0,0.0,0.012710314,0.000212919,0.001677949,0.007021466,0.0,0.01010384,0.007537876,0.034507345,0.148402867,0.023319882,0.003001575,0.032737887,0.002984381,0.02520863,0.0,0.001342272,0.017725934,0.0,0.00132417,0.00258147,0.005854841,0.002810787,0.0,0.005384271,0.008737678,0.62989161,0,0,0,1,0,0,0,0,0,0,0,0.0,1,0,0,0,0,0,0,1,1,0,0,0,1,1,0,0,0,0,0,0
ENSG00000260439,0.00871988,0.607612949,0.015065667,0.0,0.04062057,0.035510804,0.070598035,0.031141869,0.01799308,0.033910035,0.0,0.0,0.0,0.232643231,0.0,0.0,0.0,0.0,0.0,0.0,0.0,0.0,0.0,0.0,0.0,0.0,0.0,0.0,0.0,0.0,0.0,0.0,0.0,0.0,0.0,0.0,0.0,0.0,0.0,0.0,0.0,0.0,0.0,0.0,0.0,0.0,0.0,0.0,0.0,0.0,0.0,0.0,0.000330124,0.0,0.000248237,0.000111983,0.905482859,0,0,0,0,0,0,1,0,0,0,0,0.0,0,0,0,0,0,0,0,0,0,0,0,0,0,0,0,0,0,0,0,0
ENSG00000263874,0.001837066,0.423336891,0.025076693,0.272748144,0.11702439,0.104193293,0.133563355,0.135421075,0.10325857,0.177740161,0.0,0.0,0.0,0.216890159,2.58e-05,0.000305574,0.000213752,0.000150991,0.000559245,0.000170818,8.25e-05,0.0,0.000208861,0.000913724,7.11e-05,0.0,1.28e-05,7.78e-05,0.000555653,3.48e-05,0.0005058,0.004796868,0.000179404,0.0,5.67e-05,0.0,0.0,0.000359837,0.00027489,0.00251343,0.000815585,0.003395224,0.001391753,2.14e-05,0.000645931,0.0,0.0,0.0,0.0,0.002501209,2.56e-05,0.000489809,0.001145842,0.0,0.000879437,0.000361563,0.901799886,0,0,1,0,0,0,0,0,0,0,0,0.0,1,0,0,0,0,0,0,0,0,0,0,0,0,1,0,0,0,0,0,0
ENSG00000262580,0.003390956,0.647100676,0.055175275,0.138511365,0.110409091,0.163199675,0.118366187,0.113867188,0.082617188,0.098046875,0.0,0.0,0.0,0.225465563,0.000231862,0.0,0.0,0.000845551,0.005749904,0.001346146,0.003750654,0.003492023,0.0,0.002674545,0.008622742,0.00444544,0.000770401,0.0,0.003377696,0.000405731,0.0,0.006360702,0.001439172,0.001525885,0.013207504,0.0,0.0,0.001107549,0.006786359,0.084199914,0.014029653,0.0,0.015776848,0.000227101,0.003944796,0.0,0.019748483,0.006046831,0.004131632,0.000726733,0.002785942,0.004749435,0.000926574,0.0,0.001677567,0.002090688,0.654776468,0,0,0,0,0,0,1,0,0,0,0,0.0,1,0,0,0,0,0,0,0,1,0,1,0,0,1,0,0,0,1,1,0
ENSG00000274677,0.000354133,0.552828175,0.0,0.0,0.002369885,0.004489362,0.018809015,0.0,0.0,0.0,0.0,0.0,0.0,0.22434937,0.002241334,0.000517504,0.0,0.001532561,0.001417115,0.000201412,0.000965834,0.001675608,0.000383853,0.001252563,0.001784204,0.000923146,0.0,0.001283452,0.000212158,0.0,0.000197503,0.00075419,0.001245968,0.0,0.000970643,0.000575685,0.001565994,0.001172974,0.002070269,0.006794548,0.003031213,0.0,0.000408568,0.000398096,0.0,0.0,0.0,0.0,7.25e-05,0.0,0.000523962,0.0,0.0,0.0,0.0,0.0,0.0,0,0,0,0,0,1,0,0,0,0,0,0.0,0,0,0,0,0,0,0,0,0,0,0,0,0,0,0,0,0,0,0,0
ENSG00000230393,0.001639168,0.546069015,0.027489383,0.042531081,0.218502515,0.290622824,0.245611292,0.223984526,0.237911025,0.215087041,0.074626866,0.611940299,0.691542289,0.22642907,0.0,0.0,0.0,0.0,0.0,0.0,0.0,0.0,0.0,0.0,0.0,0.0,0.0,0.0,0.0,0.0,0.0,7.76e-05,0.0,0.0,0.0,0.0,0.0,0.0,0.0,0.0,1.59e-05,9.84e-06,0.0,0.0,0.000253759,0.000308518,0.0,9.43e-05,0.0,0.0,0.000217252,0.0,5.44e-05,0.0,0.000103954,0.000124299,0.630957571,0,0,0,0,0,0,1,0,0,0,0,0.0,0,0,0,0,0,0,0,0,0,0,0,0,0,1,0,0,0,0,0,0
ENSG00000255052,0.04016613,0.395410886,0.014366969,0.0,0.026732143,0.011107143,0.040114357,0.0,0.0,0.095185996,0.0,0.0,0.0,0.221120223,0.0,0.0,0.0,0.0,0.000179175,4.59e-05,3.82e-05,0.0,0.0,1.71e-05,0.0,0.0,0.0,0.0,0.0,0.0,0.0,0.000576733,0.0,0.0,0.0,0.0,0.0,0.0,4.3e-05,0.0,4.52e-05,0.000111534,0.0,0.0,0.0,0.0,0.0,0.0,0.0,0.0,0.0,0.0,0.000157428,0.0,0.000274157,0.000334983,0.67112354,0,0,0,0,1,0,0,0,0,0,0,0.0,0,0,0,0,0,0,0,1,0,0,1,0,0,0,0,0,0,0,0,0
ENSG00000279738,0.012595165,0.47847741,0.0,0.0,0.081647695,0.102551635,0.2082067,0.051661087,0.047952614,0.043677569,0.0,0.0,0.0,0.223508068,0.000120225,0.000123215,0.000316943,0.000271784,0.00024433,5.1e-05,9.46e-05,0.000267534,9.03e-05,0.00022272,0.000218921,0.000304728,0.00013482,0.000159106,9.26e-05,6.96e-05,0.000139697,0.000249548,0.000185318,0.000115359,0.000112276,0.000203409,0.000154298,0.000121503,0.000111674,0.0,0.000185964,5.25e-05,0.000176973,1.87e-05,0.00039794,7.07e-05,0.000236728,0.000162964,0.000181212,7.36e-05,0.000102236,5.34e-05,0.0,0.0,0.0,0.0,0.0,0,0,0,0,0,0,0,1,0,0,0,0.0,1,0,0,0,0,1,0,1,1,0,1,0,0,1,0,1,0,0,0,0
ENSG00000273084,0.000568957,0.679473497,0.009541589,0.025244821,0.129242295,0.176674814,0.194668825,0.137088204,0.18597237,0.200850159,0.0,0.0,0.0,0.216409376,0.0,3.45e-05,0.0,0.0,0.000255189,6.88e-05,0.000255543,0.00191498,0.001106401,0.000633896,0.003820168,0.003325118,0.003531005,0.0,0.000296348,0.000144904,0.0,0.000809645,0.0,0.0,7e-05,0.0,0.000117754,0.001000065,1.72e-05,0.000345251,0.004548147,0.000623278,0.001562172,0.001164897,0.0,0.0,0.0,0.0,0.0,0.0,0.001239617,0.001667639,0.000386526,0.000302568,0.000580837,0.000662941,0.727673652,0,0,0,1,0,0,0,0,0,0,0,0.0,0,0,0,0,0,0,0,0,0,0,0,0,0,1,0,0,0,0,0,0
ENSG00000272084,0.002170368,0.620775525,0.036397777,0.022426855,0.114611879,0.12399706,0.114707498,0.101440753,0.114672155,0.079976478,0.0,0.0,0.0,0.25329309,5.58e-05,0.000108429,0.0,9.06e-05,0.000314914,6.37e-05,0.000352127,0.000436503,0.0,0.000727172,0.000733385,0.0,7.7e-05,0.0,0.000166696,1.74e-05,5.78e-05,0.00032164,0.000546097,4.72e-05,0.00028733,6.14e-05,0.000651031,0.000107484,0.000206168,0.002637721,0.000263006,3.94e-05,0.000801842,2.67e-05,0.000536354,0.0,0.000388039,0.0,7.25e-05,9.36e-05,0.000115016,0.000129599,0.000152022,9.81e-05,0.000273041,0.000344764,0.658197452,0,0,0,0,0,0,0,1,0,0,0,0.0,0,0,0,0,0,0,0,0,0,0,1,0,0,1,0,1,0,0,0,0
ENSG00000229373,0.022874794,0.436855212,0.044050699,0.120023651,0.053769585,0.070634793,0.197237905,0.0,0.0,0.0,0.0,0.0,0.0,0.222665381,0.0,0.0,0.0,0.0,0.0,0.0,2.01e-06,0.0,0.0,0.0,8.21e-06,0.0,0.0,0.0,0.000318238,0.000307197,0.000211954,0.0,0.0,0.0,0.0,0.0,2.71e-06,0.0,0.0,0.0,0.0,0.0,8.52e-05,0.0,0.00159176,0.000494914,0.0,0.0,0.0,0.0,0.0,0.0,4.11e-05,0.0,3.56e-05,0.0,0.87816894,0,1,0,0,0,0,0,0,0,0,0,0.0,0,0,1,0,1,1,0,1,1,0,0,0,0,1,0,0,0,0,0,0
ENSG00000256092,0.001417835,0.6924582,0.023777552,0.074557084,0.326096659,0.251704677,0.24736078,0.331403118,0.223608018,0.218708241,0.711442786,0.482587065,0.527363184,0.216219002,0.001090611,0.001281438,0.001761614,0.003480348,0.0,0.000390076,0.001004065,0.001316549,0.000937054,0.00138391,0.002788503,0.002357159,0.000905221,0.00114556,0.00037717,0.000579616,0.000467263,0.001081375,0.001571261,0.001531129,0.003058008,0.0,0.001620134,0.000883235,0.010858174,0.017538772,0.004131057,0.001971526,0.005315755,0.001514901,0.002012769,0.000514197,0.002579603,0.003119193,0.000244636,0.0,0.000894569,0.001031077,0.001053128,0.0,0.000880248,0.000452236,0.885614665,0,0,0,0,0,0,1,0,0,0,0,0.0,0,0,0,0,0,0,0,0,0,0,0,0,0,1,0,0,0,0,0,0
ENSG00000235106,0.005962979,0.572216293,0.064695029,0.010579745,0.000811688,0.003902597,0.0661761,0.117008847,0.084460023,0.121849441,0.114427861,0.0,0.0,0.21616746,0.004555662,0.007042982,0.005653382,0.009233115,0.011212041,0.002569914,0.001456799,0.013489348,0.011673657,0.00172846,0.00138741,0.005870491,0.004378447,0.00236537,0.001919528,0.013794862,0.005289221,0.032285971,0.001715178,0.013811619,0.00294211,0.005687771,0.000855409,0.014907517,0.019139249,0.013961967,0.003777725,0.013226611,0.005626005,0.0071203,0.006672703,0.009631546,0.003497229,0.004022643,0.026810307,0.006484865,0.014223642,0.003266666,0.005007703,0.012219801,0.017375323,0.025752251,0.261809473,0,0,0,1,0,0,0,0,0,0,0,0.0,1,0,0,0,0,0,0,1,0,1,0,0,0,1,0,0,0,0,0,0
ENSG00000283122,0.002134564,0.3452508,0.0,0.0,0.143448894,0.1585789,0.124609785,0.122534369,0.114763897,0.063060371,0.388059702,0.47761194,0.353233831,0.231560014,0.0,0.0,0.0,0.0,0.0,0.0,0.0,9.15e-05,0.0,0.000152287,4.93e-05,5.38e-05,1.93e-05,0.000300533,0.0,0.0,1.45e-05,0.0,6.7e-05,2.62e-05,3.86e-05,0.0,0.000203024,2.8e-05,0.000146036,0.000455732,9.3e-05,2.95e-05,0.000120167,8.02e-06,0.000161483,3.21e-05,0.0,0.000251594,0.0,0.0,1.28e-05,0.0,0.0,0.0,0.0,0.0,0.0,0,0,0,0,0,0,0,1,0,0,0,0.0,0,0,0,0,0,0,0,1,0,0,0,0,0,1,0,0,0,0,1,0
ENSG00000203706,0.001643074,0.658484525,0.010218452,0.0,0.547924757,0.644128641,0.572740245,0.701298701,0.759240759,0.796203796,0.691542289,0.736318408,0.741293532,0.216293822,0.0,0.000502718,0.0,0.0,0.0,0.00042577,0.000207252,0.02896408,0.034247619,0.003129503,0.0,0.0,0.0,0.0,0.0,0.001819994,0.0,0.001635926,0.0,0.0,2.9e-05,0.000322384,0.0,0.002416046,0.002018727,0.001781497,0.00044897,0.013115077,0.0,0.001506885,0.003200821,0.007349798,0.0,0.003430826,0.0,0.0,0.0,0.0,0.003657669,0.0,0.005022796,0.005394841,0.758341592,0,0,0,0,1,0,0,0,0,0,0,0.0,0,0,0,0,0,0,0,0,0,0,0,0,0,1,0,0,0,0,0,0
ENSG00000269940,0.000353482,0.53699751,0.005928012,0.01946041,0.002865574,0.007808197,0.053795507,0.0,0.0,0.0,0.0,0.0,0.0,0.252710885,0.0,0.002129159,0.002557658,0.004892117,0.002665914,0.000724063,0.001947764,0.006610907,0.005385236,0.006441751,0.003902263,0.005404436,0.002073663,0.002011802,0.004298732,0.004092089,0.00453293,0.002556481,0.003881822,0.002821052,0.001420954,0.0,0.001521328,0.003846046,0.007645391,0.022482772,0.003405797,0.00111862,0.003847532,0.001461465,0.016402046,0.0,0.007150649,0.0,0.023838431,0.0,0.015539936,0.0,0.00348213,0.007752709,0.007692907,0.010700099,0.56033703,0,0,0,0,0,1,0,0,0,0,0,0.0,0,0,0,0,0,0,0,0,0,0,0,0,0,1,0,0,0,0,0,0
ENSG00000259426,0.011755401,0.43205265,0.023984978,0.04899613,0.107484607,0.088372862,0.11674443,0.102609465,0.053958425,0.081822203,0.059701493,0.0,0.0,0.216165797,8.59e-06,0.000256288,0.0,0.0,0.0,2.55e-05,3.02e-05,0.000556189,0.000327404,0.00081664,5.47e-05,0.000107551,0.0,6.36e-05,0.00041253,0.000394139,0.000385371,0.000471369,0.0,0.0,0.000253526,0.000579523,0.0,0.000724346,0.000446697,0.001298145,0.001384103,0.001161265,0.001697633,0.000350003,0.0,0.0003278,0.0,0.0,0.000353363,0.000682148,0.00171246,0.0,0.003075375,0.0,0.002220974,0.001649901,0.912534065,0,0,0,0,0,0,1,0,0,0,0,0.0,0,0,0,1,0,0,0,0,0,0,0,0,0,0,0,0,0,0,1,0
ENSG00000272447,0.001063051,0.759338314,0.017827706,0.043688679,0.158646471,0.236239697,0.316100798,0.145882353,0.0,0.216470588,0.0,0.0,0.0,0.219760451,0.0,0.000734363,0.001378334,0.002951879,0.003730107,0.000859188,0.000706266,0.006526423,0.002963573,0.000536813,0.00145035,0.003360968,0.003730026,0.00130113,0.000180166,0.0,0.000327566,0.001098011,0.001176967,0.0,0.001221754,0.0,0.001369737,0.000780425,0.004698909,0.008009833,0.000770422,0.000747933,0.000963522,0.001402686,0.002479916,0.002262465,0.00172543,0.003702433,0.005789722,0.003537807,0.002389776,0.0,0.000386205,0.002278912,0.00111051,0.001749085,0.402556878,1,0,0,0,0,0,0,0,0,0,0,0.0,0,0,0,0,0,0,0,0,0,0,0,0,0,1,0,0,0,0,0,0
ENSG00000272734,0.003840132,0.680184988,0.062009411,0.188414951,0.04688961,0.076232919,0.087533322,0.027323355,0.029585799,0.019317786,0.034825871,0.0,0.0,0.215441435,0.0,0.002700878,0.003213657,0.004778873,0.003616087,0.001343596,0.002440742,0.001548881,0.001281393,0.001861712,0.0,1.79e-05,0.0,0.0,0.005536323,0.005912084,0.008516706,5.55e-05,0.005774432,0.002779103,0.0,0.0,0.0,0.005491013,0.00289494,0.015660604,0.015352654,0.0,0.0,0.001317189,0.068076566,0.008362123,0.000793161,0.005823827,0.0,0.003149919,0.001546326,0.00569856,0.004728603,0.000926713,0.010497384,0.014379846,0.557797548,0,0,0,0,0,0,0,1,0,0,0,0.0,1,0,1,0,0,0,0,0,0,0,1,0,0,1,0,1,0,0,0,0
ENSG00000281205,0.00437003,0.523301316,0.0,0.0,0.04674587,0.156097345,0.108354521,0.047050147,0.105162242,0.059587021,0.0,0.0,0.0,0.216986316,0.0,0.000118287,9.58e-05,0.000128343,0.001042475,0.000226907,0.000503038,1.41e-05,0.0,1.52e-05,4.65e-05,4.48e-05,0.0,0.0,7.07e-05,1.74e-05,2.89e-05,0.000854009,0.000169546,0.0,0.0,7.68e-06,0.0,7.94e-05,1.72e-05,0.000359061,0.000185964,5.58e-05,0.000417308,1.07e-05,4.61e-05,0.0,9.27e-05,9.72e-05,0.0,0.0,5.11e-05,0.000137223,0.0,0.0,0.0,0.0,0.0,0,0,0,1,0,0,0,0,0,0,0,0.0,1,0,0,0,0,1,0,0,1,0,1,0,0,0,0,0,0,0,0,0
ENSG00000277147,0.047600975,0.367484881,0.0,0.0,0.677311546,0.177824427,0.83204436,0.420928588,0.056445911,0.512491162,0.0,0.0,0.0,0.222268007,0.000863042,0.002360804,0.00973679,0.009708738,0.007014991,0.002256323,0.001034247,0.0,0.0,3.62e-05,0.0,0.000609456,0.000609901,0.000947562,0.001232539,0.005158583,0.003232302,0.001669199,0.00300649,0.0,0.000539648,0.001523647,0.000307243,0.01085585,0.002319388,0.001505296,0.003692713,0.000121375,5.03e-05,0.008624513,0.002237691,0.002429579,0.0,0.0,0.008607567,0.0,0.004408946,0.000404045,0.0,0.0,0.0,0.0,0.0,1,0,0,0,0,0,0,0,0,0,0,0.0,1,0,0,0,0,0,0,1,0,1,0,0,0,1,0,1,0,0,0,0
ENSG00000261351,0.002202917,0.427072216,0.011026321,0.186590375,0.000308411,0.006831776,0.038885284,0.131578947,0.137580794,0.173130194,0.0,0.0,0.0,0.217529172,0.00080293,0.00049779,0.0,0.000543569,0.000640688,0.000183565,6.24e-05,0.000323857,0.000338694,9.71e-05,0.000259968,0.000573605,0.000365941,0.0,4.21e-05,8.69e-05,0.0,0.000604461,0.0,0.002606065,0.000398398,0.001443051,0.000185429,0.000827157,0.0007989,0.0,0.000640247,0.000462538,0.000273107,0.000574433,0.000432543,0.000260312,0.0,0.000451725,0.001902725,0.0,0.000792332,0.0,0.002394768,0.0,0.003224919,0.004342447,0.764634662,0,0,0,0,0,0,0,1,0,0,0,0.0,0,0,0,0,0,0,0,0,1,0,1,0,0,0,0,0,0,0,0,0
ENSG00000255031,0.001923647,0.637139808,0.012456468,0.0,0.055759305,0.045352357,0.078786525,0.12780083,0.170954357,0.185062241,0.452736318,0.437810945,0.517412935,0.234964293,0.000790049,0.004662464,0.005476484,0.003344456,0.000624399,0.00021161,0.001287778,0.004357989,0.001241878,0.011396798,0.011485131,0.006381358,0.000642001,0.001994124,0.002549268,0.000237643,0.001613742,7.76e-05,0.016674684,0.002469731,0.01315197,0.004340668,0.005223137,0.002070229,0.012189674,0.129124028,0.006365281,0.0,6.34e-05,0.00016565,0.019499057,0.00037922,0.0,0.006953141,0.0,0.0,0.003335463,0.004614118,0.005369397,0.011206908,0.011543715,0.013955098,0.574392101,0,0,0,0,0,0,1,0,0,0,0,0.0,0,0,0,0,0,0,0,0,0,0,0,0,0,0,0,0,0,0,0,0
ENSG00000243902,0.057152808,0.6527926,0.022380157,0.147833578,0.554959184,0.510115646,0.472050984,0.155156102,0.215704825,0.142384106,0.572139304,0.631840796,0.298507463,0.215955472,0.0,0.0,0.0,0.0,1.09e-05,0.0,2.01e-06,5.63e-05,5.64e-05,2.67e-05,0.0,0.0,0.0,0.0,3.37e-06,0.0,0.0,0.0,0.0,0.0,0.0,0.0,0.0,0.0,6.01e-05,0.000524782,0.0,0.0,8.3e-05,0.0,0.0,0.000170328,0.0,0.0,0.0,0.0,0.0,0.0,0.00051479,0.0,0.000261999,0.0,0.963036497,0,0,0,0,0,0,0,1,0,0,0,0.0,0,0,0,0,0,0,0,1,1,1,1,0,0,1,0,0,0,0,0,0
ENSG00000237523,0.007733645,0.399679829,0.022958766,0.356910143,0.044225275,0.067490842,0.115869885,0.004149378,0.0,0.0,0.0,0.0,0.0,0.216541003,0.0,0.011523088,0.0,0.0,0.0,0.000203961,0.000136826,0.0,0.0,0.000325514,9.85e-05,0.000304728,0.0,0.0,0.000185218,0.000602801,0.000452811,0.000332731,0.0,0.015484324,0.002611319,0.008493278,0.0,0.000476667,0.022850271,0.033296046,6.38e-05,6.89e-05,1.75e-05,0.0,0.001389906,0.001034821,0.0,0.0,0.0,0.0,0.005060703,0.00168098,0.000550884,0.0,0.000800567,0.001052294,0.739390667,0,1,0,0,0,0,0,0,0,0,1,0.0,0,0,1,0,1,0,0,0,0,0,1,0,0,0,0,0,0,0,0,0
ENSG00000270504,0.00175309,0.732479545,0.029399884,0.310069677,0.143427536,0.165348551,0.202218053,0.117753623,0.111594203,0.105072464,0.0,0.0,0.0,0.216202376,0.0,0.000147858,0.0,0.0,7.6e-05,2.29e-05,2.41e-05,0.003020319,0.002224091,0.000582499,0.000654026,0.001855254,0.002125023,0.0,0.000175115,0.000597005,0.00030348,0.002190477,0.0,0.000141577,0.000102618,8.44e-05,0.0,0.0,0.000249119,0.000386682,4.25e-05,0.001938722,0.00075596,0.0,0.000842018,0.001118378,0.001508226,0.0,0.011217019,0.0,8.95e-05,0.0,0.001282957,0.000404199,0.001955238,0.002262184,0.722629486,0,0,0,0,0,0,1,0,0,0,0,0.0,0,0,1,0,0,0,0,0,0,1,0,0,0,1,0,0,0,0,0,0
ENSG00000240889,0.001089741,0.617218072,0.017249097,0.030663726,0.121123457,0.048425926,0.093402513,0.030376671,0.0,0.0036452,0.0,0.0,0.0,0.217694606,0.000356381,8.87e-05,0.0,0.000603965,0.0,3.57e-05,7.85e-05,0.000401301,0.000474172,0.000116119,0.000139562,0.000233027,0.00019902,0.000197998,0.000197004,0.000481081,0.000154149,0.000404822,0.000173489,0.000896654,0.000261977,0.000307032,0.0,0.000476667,0.00052401,0.001187665,0.000270976,0.000469099,0.000294956,0.000486264,0.000415242,0.0,0.0,0.0,0.000851696,0.0,0.000984026,0.0,0.000133044,0.000142641,0.000266524,0.000364209,0.609117995,0,0,0,0,0,0,1,0,0,0,0,0.0,1,0,0,0,0,0,0,0,0,0,0,0,0,0,0,0,0,0,1,0
ENSG00000237975,0.180493378,0.349163999,0.070983308,0.051729789,0.076632353,0.057830065,0.168197443,0.046396455,0.022025283,0.041053043,0.432835821,0.15920398,0.203980099,0.222305139,0.0,0.000788577,3.69e-05,0.0,0.0,0.0,2.01e-06,0.0,0.000158057,0.000201781,2.46e-05,0.0,0.0,0.0,0.000806539,0.0,0.001209102,0.0,9.86e-06,0.0,0.0,0.0,0.0,0.0,0.000317842,0.000925274,4.52e-05,7.22e-05,5.24e-05,1.07e-05,0.003102778,0.000639532,0.001193402,0.0,0.00152218,0.0,8.95e-05,0.0,0.00074245,0.0,0.000980361,0.000862062,0.770842727,0,0,0,0,1,0,0,0,0,0,0,0.0,1,0,1,0,0,1,0,1,1,0,1,0,0,1,0,0,0,0,0,0
ENSG00000237989,0.002691803,0.646922803,0.029803819,0.026559844,0.003520247,0.002550446,0.014236335,0.0,0.0,0.0,0.054726368,0.0,0.0,0.230404193,0.0,0.0,0.00086238,0.002574401,6.52e-05,1.53e-05,2.01e-06,0.000605472,0.000304825,5.71e-05,0.0,0.0,0.0,0.0,0.00031487,0.000388343,0.00053952,7.21e-05,0.000404151,0.0,0.0,0.0,0.0,0.0,0.0,0.0,0.0,0.0,0.0,0.0,0.0,0.0,3.42e-05,0.0,7.25e-05,0.0,0.0,0.0,0.000179278,0.000166456,0.000317047,0.000420937,0.664732896,0,0,1,0,0,0,0,0,0,0,0,0.0,0,1,0,0,1,1,0,0,0,0,0,0,0,0,0,0,0,0,0,0
ENSG00000205664,0.017096042,0.504268943,0.0,0.0,0.002180233,0.023036822,0.149908615,0.231527094,0.0,0.145484401,0.0,0.0,0.0,0.244745674,0.0,0.010014934,0.023122112,0.057625813,0.014980155,0.002891153,0.00294378,0.024845464,0.026039932,0.008240644,0.003735336,0.010423482,0.011312057,0.007110253,0.011896022,0.025224891,0.014080504,0.042750352,0.012260565,0.026422455,0.006909191,0.007207581,0.0,0.021716374,0.035117258,0.054508293,0.013854316,0.018471985,0.024898623,0.010935605,0.030283806,0.019905838,0.010345257,0.021611345,0.023521311,0.024608601,0.079897764,0.023516564,0.003456575,0.002664095,0.006361575,0.009060845,0.647689455,1,0,0,0,0,0,0,0,0,0,0,0.0,1,0,1,0,0,0,0,1,0,0,0,0,0,0,0,0,0,0,0,0
ENSG00000229043,0.003141631,0.540199217,0.021113768,0.289041854,0.085259494,0.083518083,0.225746354,0.0,0.0,0.0,0.0,0.0,0.0,0.215995376,0.002194103,0.005322898,0.003596937,0.004627882,0.002796223,0.000790351,0.000301823,0.006054718,0.005644902,0.001460054,0.001346363,0.005673314,0.003614466,0.001591056,0.000757708,0.003390754,0.002803576,0.008856183,0.000703814,0.00922872,0.001560997,0.0,0.00044936,0.006734085,0.009801563,0.006435486,0.003456273,0.006764204,0.002423006,0.004897377,0.0,0.002166053,0.004780929,0.0,0.010147869,0.001270668,0.003616613,0.001715285,0.001010475,0.001085006,0.002330465,0.00361125,0.537351072,0,0,0,0,1,0,0,0,0,0,0,0.0,1,0,0,0,1,0,0,1,0,0,0,0,0,0,0,1,0,0,0,0
ENSG00000260805,0.001191945,0.627001067,0.019989301,0.062091758,0.097466807,0.113893045,0.117107834,0.100105374,0.077976818,0.095363541,0.0,0.0,0.0,0.217501184,0.0,0.000197144,0.00019164,0.0,0.0,7.65e-05,6.04e-05,0.000288655,0.000203216,2.67e-05,2.46e-05,0.0,5.14e-05,0.000190927,3.37e-05,0.0,4.82e-05,0.000565642,7.49e-05,0.0,0.000177468,0.000103623,9.75e-05,0.000425261,0.000652865,0.000773363,0.000223157,0.000262433,0.000192267,0.000430157,0.000259526,0.000302091,0.0,0.0,0.0,0.0,0.000127796,0.0,0.000521797,0.000390631,0.000775011,0.000940198,0.731803707,0,1,0,0,0,0,0,0,0,0,0,0.0,0,0,0,0,0,0,0,0,0,0,1,0,0,1,0,0,0,0,0,0
ENSG00000215241,0.004610242,0.566346496,0.014508892,0.32981356,0.008628713,0.061643564,0.071543477,0.152189519,0.0,0.134242642,0.686567164,0.0,0.288557214,0.21810916,0.0,4.44e-05,0.003420038,0.006130245,0.000483231,0.000206511,0.000251519,0.000858925,0.001095111,0.000917531,0.0,0.0,0.0,0.0,0.00013302,0.0,0.000173417,0.000604461,0.002529395,0.0,0.0,0.0,0.001905721,1.87e-05,0.0,0.000138101,0.0,8.2e-05,0.000406383,0.0,0.0,0.0,0.0,0.0,0.0,0.0,0.0,0.0,0.000427768,0.0,0.000616446,0.000525459,0.742270921,0,1,0,0,0,0,0,0,0,0,0,0.0,1,0,0,0,0,0,0,1,0,0,0,0,0,0,0,0,0,0,0,0
ENSG00000254614,0.002708729,0.48719317,0.0,0.0,0.075302135,0.100494253,0.135155695,0.027404922,0.025167785,0.046979866,0.12437811,0.233830846,0.144278607,0.216036942,0.0,0.000438646,0.00105402,0.001238128,0.001292235,0.000346734,0.000384321,0.0,0.001021727,0.000135155,0.000651289,0.002276496,0.002401084,0.001941088,0.000469779,0.005407818,0.002244788,0.000937192,0.000394294,0.000870436,0.0,0.000633254,0.000660506,0.001177647,0.001503307,0.001090994,0.000735886,0.000741373,0.0,0.001167569,0.001770544,0.002789517,0.000407563,0.0,0.0,4.68e-05,0.001316294,0.0,0.003702496,0.001153148,0.003116729,0.001915835,0.884205384,0,0,0,0,0,0,1,0,0,0,0,0.0,1,0,0,0,0,0,0,1,0,1,1,0,0,0,0,0,0,0,0,0
ENSG00000271936,0.000677019,0.572927784,0.011353836,0.0,0.085271906,0.109440831,0.160529532,0.083107498,0.085817525,0.083107498,0.0,0.0,0.0,0.242060491,0.002537602,0.001335653,0.001687907,0.003050023,0.002383577,0.000558344,0.000794801,0.001682648,0.001670891,0.001420079,0.001111023,0.00135335,0.000558541,0.001725412,0.000341811,0.00049847,0.0,0.001464015,0.002105529,0.003717706,0.002532847,0.00252534,0.001422523,0.001364575,0.004810583,0.015978235,0.001482399,0.000469099,0.0,0.000526341,0.004406176,0.001050889,0.0,0.001824056,0.003008118,0.00079361,0.002952077,0.002033566,0.000278571,0.0,0.000301405,0.000312124,0.827322329,0,0,0,0,0,0,1,0,0,0,0,0.0,0,0,0,0,0,0,0,1,0,0,0,0,0,0,0,0,0,0,0,0
ENSG00000229334,0.008079315,0.476876556,0.009869103,0.0,0.092699725,0.110056474,0.104655286,0.175257732,0.170103093,0.140206186,0.069651741,0.134328358,0.0,0.216161087,0.000858749,0.000788577,0.0,0.0,0.0,9.69e-05,1.01e-05,0.004984582,0.003183725,0.000342646,6.29e-05,0.0,0.00028248,0.0,0.000225629,0.002985023,0.00144996,0.000887282,0.0,0.001221757,0.0,0.00085969,0.0,0.000794444,0.000755949,0.000538592,0.000164711,0.000915234,0.00015294,0.000411454,0.000305664,0.000591326,0.0,0.0,0.0,0.0,0.0,0.0,0.000186987,0.0,0.000382202,0.000569945,0.599474623,0,0,0,0,0,0,1,0,0,0,0,0.0,0,0,0,0,0,0,0,0,0,0,0,0,0,0,0,0,0,0,0,0
ENSG00000253161,0.086433898,0.413553895,0.015873536,0.081378058,0.033695652,0.017024845,0.036671212,0.113095238,0.078042328,0.105820106,0.009950249,0.0,0.0,0.25517826,0.0,0.0,5.9e-05,0.0,0.0,0.0,0.0,9.15e-05,0.0,2.28e-05,0.0,0.0,0.0,0.0,0.00392493,0.027178197,0.017505492,0.0,1.38e-05,0.0,0.0,0.0,0.0,4.21e-05,0.0,0.0,0.000154084,0.000101693,3.28e-05,7.48e-05,0.00940061,0.012061125,0.0,0.0,0.0,0.0,0.0,0.0,6.97e-05,0.0,9.6e-05,0.0,0.757306108,0,1,0,0,0,0,0,0,0,0,0,0.0,1,0,0,0,1,1,0,0,0,0,0,0,0,0,0,0,0,0,0,0
ENSG00000261071,0.000636008,0.589114194,0.010666055,0.368846164,0.005568966,0.024383142,0.040407918,0.0,0.020114943,0.0,0.024875622,0.0,0.0,0.227206637,0.002005178,0.00077872,0.000936088,0.0,0.0,0.000216709,0.000249507,0.002196595,0.001033017,0.00089088,0.001308052,0.001720816,0.001688463,0.000611673,0.00016838,0.000336177,0.000158966,0.00161929,0.000733386,0.001216513,0.000888549,0.000675471,0.000607719,0.00215902,0.004363886,0.004764469,0.00117423,0.001381052,0.00105747,0.002046585,0.0,0.00203429,0.0,0.0,0.0,0.001023222,0.002811502,0.0,0.000532597,0.000539882,0.00101015,0.001368846,0.634373897,0,0,0,0,0,0,1,0,0,0,1,0.0,0,0,0,0,0,0,0,0,1,0,0,0,0,0,0,0,0,0,0,0
ENSG00000271918,0.001003811,0.56261117,0.016834245,0.0,0.046088254,0.03124363,0.044463697,0.042883779,0.018645121,0.019888129,0.0,0.0,0.0,0.216066593,0.001919303,0.000537218,0.001311997,0.001087137,0.000727561,0.000280447,0.000132802,0.000619553,0.000293535,0.000338839,0.000853791,0.001281649,0.000603481,0.001619342,0.000139755,0.0,0.00030348,0.001203376,0.000451466,0.000665936,0.001758988,0.001596567,0.000965042,0.00118232,0.001116743,0.00255486,0.001737435,0.000360845,0.001332762,0.000860314,0.001280329,0.00035351,0.002757759,0.001864082,0.0,0.0,0.00115016,0.0,0.000394153,0.000258609,0.000523157,0.000547718,0.769219819,0,0,0,0,0,0,1,0,0,0,0,0.0,0,0,0,0,0,0,0,0,1,0,0,0,0,1,0,0,0,0,0,0
ENSG00000235453,0.010281581,0.369085735,0.023340866,0.0,0.53881759,0.078496743,0.265283473,0.270356573,0.107503992,0.064395955,0.144278607,0.0,0.0,0.211941553,0.00328042,0.004100603,0.0125082,0.018519078,0.008605852,0.002753479,0.001291802,0.006836199,0.008585896,0.000447344,0.000897575,0.017208156,0.012172339,0.002248693,0.000282878,0.00434712,0.0,0.01386378,0.001151338,0.006213655,0.000785931,0.00234112,0.000395221,0.003140392,0.013108839,0.006338816,0.000789019,0.010080698,0.001116462,0.004950812,0.0,0.0,0.0,0.0,0.0,0.002777635,0.001738019,0.0,0.004457707,0.005675187,0.007986787,0.009299532,0.659234556,0,0,0,0,0,0,0,1,0,0,0,0.0,0,0,0,0,0,0,0,0,0,0,0,0,0,0,0,0,0,0,0,0
ENSG00000229180,0.010720993,0.545001779,0.07668206,0.186379895,0.03434081,0.065702605,0.124614244,0.009561002,0.0,0.0,0.0,0.0,0.0,0.239851104,0.001176486,0.00060129,0.001216177,0.001993085,0.001270517,0.000226907,0.000537245,0.002175474,0.000592715,0.001492415,0.00261063,0.0027784,0.000590641,0.000774314,0.001739362,0.000457897,0.00104532,0.002955758,0.001378057,0.000524359,0.001826595,0.0,0.001532156,0.001018758,0.000919165,0.008603665,0.004109804,0.000360845,0.004400301,0.000200384,0.00295283,0.000167114,0.002743116,0.002149984,0.000362424,0.000477058,0.0005623,0.001164488,0.000245701,0.000794627,0.000815376,0.001418131,0.297608686,0,1,0,0,0,0,0,0,0,0,0,0.0,1,1,0,0,0,0,1,0,1,0,1,0,0,0,0,0,0,0,0,0
ENSG00000253200,0.001745929,0.608858058,0.029279796,0.0,0.349325209,0.357659876,0.405212107,0.374681702,0.356129502,0.398326664,0.0,0.0,0.0,0.219281053,0.0,0.000621005,0.000552808,0.000656812,0.000418076,8.41e-05,0.000533221,0.000781481,0.000429013,0.00101271,0.000963251,0.000681156,0.00019902,0.000381853,0.000779598,0.000486877,0.000626228,0.002107295,0.001498316,0.000529603,0.001017726,0.000406818,0.0,0.000644902,0.001219826,0.007015509,0.000749169,0.000780737,0.001863682,0.000125574,0.004014003,0.000957691,0.016326909,0.002281499,0.00545448,0.00067769,0.000753994,0.000398327,0.000997666,0.003709019,0.003448106,0.005105746,0.265017731,0,0,0,0,0,0,1,0,0,0,0,0.0,1,0,0,0,0,0,0,0,0,0,0,0,0,0,0,0,0,0,0,0
ENSG00000278000,0.000386682,0.488260406,0.0,0.0,0.371459909,0.173727685,0.308000178,0.343419062,0.0,0.178517398,0.368159204,0.0,0.0,0.23972308,0.000184631,0.000404146,0.000589662,0.000596415,0.003898424,0.000866836,0.002169101,0.000936369,0.000321759,0.001153576,0.006983573,0.007277616,0.001861803,0.000120213,0.001554144,0.0,0.001035685,0.002290296,0.00057764,0.0,0.003041106,0.0,0.000429058,0.0,0.0,0.010633743,0.003262339,0.0,0.003847532,0.00012023,0.003235425,0.0,0.0,0.002450182,0.0,0.0,0.001482428,0.0,0.0,0.0,0.0,0.0,0.0,0,0,0,0,1,0,0,0,0,0,0,0.0,0,0,0,0,0,0,0,1,0,0,0,0,0,0,0,0,0,0,0,0
ENSG00000279253,0.000906815,0.58751334,0.0,0.0,0.270501279,0.244979519,0.383111306,0.210958904,0.15890411,0.281506849,0.0,0.0,0.562189055,0.22634954,0.000128812,0.00038936,0.000619145,0.000573767,0.000184605,6.88e-05,6.64e-05,0.000344978,0.000225796,0.000369297,0.000730648,0.000403316,0.00018618,0.000194462,0.000476514,0.0,0.000476897,0.002007475,0.000457381,0.0,0.000329584,0.000241788,0.000154298,0.000766405,0.000446697,0.003521564,0.002696478,0.000337882,0.001577466,0.000216414,0.001216889,0.0,0.0,0.000660434,0.0,0.000664314,0.000894569,0.0,0.0,0.0,0.0,0.0,0.0,0,0,0,0,0,0,1,0,0,0,0,0.0,0,0,0,1,0,0,0,0,1,0,0,0,0,0,0,0,0,0,0,0
ENSG00000270177,0.000878823,0.585378869,0.014738152,0.0,0.087735356,0.132755822,0.123997311,0.090331687,0.073394495,0.01905434,0.019900498,0.0,0.0,0.216022809,0.0002061,0.000606219,0.000368539,0.000641713,0.000211753,6.63e-05,3.22e-05,0.00037314,0.000372564,0.000137059,0.000243549,0.000286803,0.00015408,0.000137892,6.9e-05,0.000191273,0.000173417,0.000915009,0.000264177,0.0,0.000272842,0.000222598,0.00010828,0.000724346,0.000712997,0.000966704,0.000340048,0.000377247,0.000150755,0.000529013,0.000611328,0.000633105,0.0,0.0,0.001540302,0.0,0.000178914,0.0,9.17e-05,0.0,0.000162143,0.000183664,0.664824101,0,1,0,0,0,0,0,0,0,0,0,0.0,0,0,0,0,0,0,0,0,0,0,0,0,0,1,0,0,0,0,0,0
ENSG00000269439,0.01486318,0.567235859,0.013624603,0.140798386,0.336884615,0.397514652,0.309535493,0.144660194,0.162135922,0.139320388,0.741293532,0.880597015,0.721393035,0.222494127,0.003331945,0.001035008,0.004223452,0.004688279,0.000635258,0.000509904,0.000207252,0.00380884,0.003200659,0.00108695,0.001860827,0.005386511,0.004757227,0.002008266,0.000365384,0.000909997,0.0006744,0.002861484,0.000977849,0.0,0.001551338,0.003342813,0.000327546,0.000897255,0.0,0.003383464,0.001009519,0.001932161,0.003133084,0.000352675,0.002912459,0.001272637,0.0,0.0,0.0,0.000338845,0.001533546,0.001368417,0.000780093,0.001560807,0.00169687,0.002336078,0.568398653,0,0,0,0,1,0,0,0,0,0,0,0.0,1,0,0,0,0,0,0,1,0,0,0,0,0,0,0,0,0,0,1,0
ENSG00000214548,0.05309004,0.545001779,0.0,0.0,0.495676471,0.534967647,0.568194828,0.140346425,0.161728317,0.155954571,0.492537313,0.467661692,0.597014925,0.221386524,4.72e-05,0.017235346,0.001982738,0.003314258,0.0,2.04e-05,5.63e-05,0.401709402,0.0,0.503128551,0.000194292,0.0,1.93e-05,2.83e-05,0.015081765,0.0,0.003068519,0.0,0.00452255,0.0,0.0,0.0,0.0,3.74e-05,0.0299287,0.725359407,0.0,0.0,0.0,0.0,0.0,0.0,0.0,0.936286703,0.0,0.075901227,0.0,0.0,0.046568536,0.0,0.028099917,0.011431829,0.940663428,0,0,0,1,0,0,0,0,0,1,1,0.0,1,1,0,0,0,0,0,1,1,1,1,0,0,1,0,0,0,0,0,0
ENSG00000260917,0.002713937,0.506937033,0.045513597,0.343538403,0.108690746,0.147644948,0.121489175,0.10694051,0.116619452,0.069877243,0.52238806,0.781094527,0.621890547,0.217263702,0.000824399,0.001887657,0.002351276,0.001766598,0.000879589,0.000186115,0.000460783,0.001922021,0.001208009,0.001717039,0.001598122,0.002249608,0.000975842,0.000919277,0.000904199,0.000927386,0.001074223,0.004419773,0.002075957,0.001636,0.00097185,0.001673325,0.000684868,0.001289804,0.000910575,0.005620693,0.001227362,0.001066133,0.001697633,0.000253819,0.001551389,0.000469204,0.00301157,0.004983275,0.005019571,0.002378601,0.002722045,0.002409023,0.00049008,0.001526156,0.001454566,0.002219476,0.380631427,0,0,1,0,0,0,0,0,0,0,0,0.0,1,0,0,0,0,0,0,0,0,0,1,0,0,1,0,0,0,0,0,1
ENSG00000271155,0.000868408,0.72945571,0.014563478,0.047352046,0.456465382,0.527830835,0.447763346,0.457530336,0.54318344,0.438972163,0.393034826,0.92039801,0.796019901,0.218947691,0.0,0.0,0.0,0.001917589,0.000271478,9.18e-05,0.00010262,0.000908208,0.000485462,0.000239852,0.002985532,0.001801479,0.001309682,8.84e-05,2.69e-05,0.0,0.000163783,0.001325377,0.001819666,0.0,0.000417714,0.0,0.000178661,4.21e-05,0.000343613,0.000538592,1.59e-05,0.000393649,0.000703524,1.87e-05,0.0,7.39e-05,0.0,0.002069932,0.001223181,0.001431173,0.000230032,0.0,0.000150258,3.31e-05,0.000258751,0.000365835,0.675727953,0,0,0,0,0,0,1,0,0,0,0,0.0,0,0,0,0,0,0,0,0,0,0,0,0,0,1,0,0,0,0,0,0
ENSG00000225855,0.004717003,0.628779794,0.037642332,0.058617383,0.004418367,0.007244898,0.140136054,0.220734833,0.221304472,0.182569069,0.0,0.0,0.0,0.216855521,0.000339206,0.001020222,0.000456988,0.0,0.000515808,0.000150422,0.000519136,0.00076036,0.0,0.000740497,0.001190382,0.00111136,0.00025038,0.0,0.0,0.0,8.67e-05,0.003321762,0.001374114,0.000707885,0.003808928,0.0,0.000866237,0.001528137,0.001614982,0.009321788,0.006375908,0.000180423,0.004824163,0.000160307,0.008639334,0.0,0.002474662,0.0,0.00015403,0.0,0.001111821,0.003979462,0.003748779,0.008054905,0.010026449,0.013839289,0.450126981,0,0,0,0,0,0,1,0,1,0,0,0.0,1,0,0,0,0,0,0,0,1,0,1,0,0,0,0,0,0,0,1,0
ENSG00000272017,0.000606714,0.65208111,0.010174784,0.0,0.205800801,0.24263964,0.171565311,0.198198198,0.242242242,0.129129129,0.034825871,0.094527363,0.0,0.216191569,0.0,0.0,0.000176899,0.000150991,0.000352921,8.92e-05,0.000152924,0.0,0.0,0.000285539,0.000804534,0.000770782,0.00025038,0.0,6.4e-05,0.0,8.19e-05,0.000454732,0.0,0.000367051,0.0,0.0,0.000219266,8.41e-05,0.000463878,0.003894436,0.001017489,7.54e-05,0.001437635,8.82e-05,0.000853552,0.000237816,0.000331907,0.0,0.0,0.0,0.000779553,0.000364022,0.000122442,9.3e-05,0.000227122,0.000295645,0.644255309,0,0,0,0,0,0,1,0,1,0,0,0.0,0,0,0,0,0,0,0,0,0,0,0,0,0,0,0,0,0,0,0,0
ENSG00000264207,0.000759043,0.479011028,0.012729397,0.047374955,0.027703163,0.005662612,0.034097852,0.0,0.0,0.0,0.074626866,0.0,0.189054726,0.222982116,0.004027531,0.00145394,0.00152575,0.000951245,0.00418619,0.001103941,0.00052316,0.000739239,0.000626584,0.000159902,0.000183346,0.001254761,0.001007942,0.003178577,0.0,0.000104331,0.0,0.001896565,0.000593412,0.003036039,0.003530049,0.003707414,0.002529682,0.010865197,0.004088996,0.003507754,0.005135262,0.000810261,0.000428232,0.008867645,0.002543355,0.002031077,0.001498464,0.010349658,0.001793998,0.009886688,0.006210863,0.00352777,0.000333991,0.000226457,0.000657004,0.000962533,0.617681082,0,0,0,0,1,0,0,0,0,0,0,0.0,0,0,0,0,0,0,0,0,0,0,0,0,0,0,0,1,0,0,0,0
