ID,gene_length,GC_content,Length_ExonProj,repeat_coverage,hg38_phastCons100way_exons_merged_mean_score,hg38_phastCons20way_exons_merged_mean_score,hg38_phastCons7way_exons_merged_mean_score,phastcons_elements_100way_exons_merged_percentage,phastcons_elements_20way_exons_merged_percentage,phastcons_elements_7way_exons_merged_percentage,promoters_hg38_100way_phastCons_elements,promoters_hg38_20way_phastCons_elements,promoters_hg38_7way_phastCons_elements,Distance_closest_pc,K562_cytosol,A549_cell,GM12878_cell,GM12878_cytosol,H1.hESC_cell,H1.hESC_cytosol,H1.hESC_nucleus,endothelial.cell.of.umbilical.vein_cell,endothelial.cell.of.umbilical.vein_cytosol,endothelial.cell.of.umbilical.vein_nucleus,HepG2_nucleus,HepG2_cell,HepG2_cytosol,K562_cell,keratinocyte_nucleus,keratinocyte_cytosol,keratinocyte_cell,SK.N.SH_cell,GM12878_nucleus,HeLa.S3_cytosol,HeLa.S3_nucleus,HeLa.S3_cell,K562_nucleus,MCF.7_cell,A549_cytosol,A549_nucleus,IMR.90_cytosol,MCF.7_nucleus,IMR.90_nucleus,IMR.90_cell,SK.N.SH_cytosol,SK.N.SH_nucleus,MCF.7_cytosol,HT1080_nucleus,HT1080_cytosol,SK.MEL.5_nucleus,SK.MEL.5_cytosol,NCI.H460_cytosol,NCI.H460_nucleus,max_exp,min_exp,mean_exp,median_exp,Tau_exp,genomic_classification_is_1,genomic_classification_is_2,genomic_classification_is_3,genomic_classification_is_4,genomic_classification_is_5,genomic_classification_is_6,genomic_classification_is_7,genomic_classification_is_8,CRISPR_candidate_is_1,lncRNA_DB_is_1,DISEASE_DB_is_1,GWAS_SNP_is_1,with_repeat_Alu,with_repeat_CR1,with_repeat_ERV1,with_repeat_ERVK,with_repeat_ERVL,with_repeat_ERVL-MaLR,with_repeat_Gypsy,with_repeat_L1,with_repeat_L2,with_repeat_Low_complexity,with_repeat_MIR,with_repeat_SVA,with_repeat_Satellite,with_repeat_Simple_repeat,with_repeat_TcMar-Mariner,with_repeat_TcMar-Tigger,with_repeat_centr,with_repeat_hAT-Blackjack,with_repeat_hAT-Charlie,with_repeat_hAT-Tip100
ENSG00000264112,0.00373923,0.353255069,0.062708108,0.0,0.23669248,0.328203407,0.277629744,0.217174325,0.284116331,0.179315092,0.0,0.089552239,0.0,0.218831305,0.0,0.005746758,0.009368251,0.002196923,0.002291274,0.000943322,0.001382349,0.003337135,0.000829801,0.007088972,0.012240408,0.014716558,0.000442981,0.0,0.003709404,0.0,0.004075302,0.004530683,0.00538211,0.0,0.00038874,0.0,0.0,0.007738824,0.001511898,0.0,0.0,0.01656939,0.0,0.005144118,0.000137777,0.006777424,0.000117558,0.023040146,0.000392075,0.032778284,0.0,0.004204473,0.027130099,0.004497159,0.004677798,0.008807888,0.009551695,0.619714608,0,0,0,0,0,0,0,1,0,0,0,0.0,1,0,0,0,0,0,0,0,1,1,1,0,0,0,0,0,0,0,0,0
ENSG00000233806,0.128433188,0.52828175,0.016735991,0.204855969,0.002351145,0.034129771,0.033632661,0.0,0.0,0.0,0.0,0.0,0.0,0.218037943,0.001116373,0.0,0.003899138,0.010735478,0.002323852,0.000578741,0.003022254,0.000999732,0.0,0.002356645,0.000440578,0.0,0.0,0.000876849,0.000335076,0.0,4.34e-05,0.004159134,0.02100403,0.0,0.0,0.0,0.004880703,0.001322516,0.0,0.001381006,0.0,0.003094972,0.000930155,0.001262433,0.000268994,0.010356219,0.0,0.004296598,0.0,0.004031697,0.0,0.0,0.0,0.00031775,0.0,0.000258574,0.0,0.890842667,0,0,1,0,0,0,0,0,0,0,0,0.0,1,0,1,0,0,0,1,1,0,0,0,0,0,0,0,0,0,0,0,0
ENSG00000204706,0.092374092,0.357524013,0.0,0.0,0.06206015,0.12256391,0.036081762,0.065053873,0.067391746,0.046452531,0.0,0.0,0.0,0.228375204,0.0,1.97e-05,0.0,0.0,1.09e-05,5.1e-06,4.43e-05,4.93e-05,0.0,8.19e-05,0.000355746,0.000788707,7.06e-05,2.12e-05,3.54e-05,0.0,0.0,0.000122001,4.53e-05,0.0,0.0,0.0,4.6e-05,0.0,0.0,0.0,0.0,0.0,0.0,0.0,1.97e-05,7.21e-05,0.0,0.0,0.0,0.0,0.0,0.0,0.0,0.000470309,0.0,0.000640362,0.000367347,0.761099353,0,0,0,0,1,0,0,0,0,0,0,0.0,1,0,0,0,0,1,0,1,1,0,1,0,0,1,0,0,0,0,1,1
ENSG00000261455,0.001104062,0.707755247,0.018515486,0.063473409,0.083347703,0.097455474,0.101839671,0.068633012,0.076574022,0.066364152,0.0,0.0,0.0,0.223646899,0.013581111,0.00049779,0.004849968,0.003986169,0.001145637,0.000270249,0.00020524,0.003027359,0.001806369,0.000487319,0.001236902,0.004794981,0.004256467,0.00862706,0.000161644,0.000637578,0.000500983,0.00454732,0.00302029,0.0,0.001452343,0.002114684,0.005504664,0.006888301,0.001864101,0.002637721,0.000760485,0.004776617,8.41e-05,0.00082589,0.003621572,0.001857128,0.003868741,0.003996701,0.002635258,0.008566136,0.012458321,0.004958466,0.003983274,0.000826471,0.001679097,0.002262758,0.00294356,0.435143522,0,1,0,0,0,0,0,0,0,0,0,0.0,0,0,0,0,0,0,0,0,0,0,0,0,0,1,0,0,0,0,0,0
ENSG00000224699,0.062906822,0.393098541,0.056976605,0.123880831,0.116975831,0.03105136,0.216062909,0.134601044,0.135812826,0.139075317,1.0,1.0,1.0,0.216002303,0.0,0.002242517,0.007798277,0.007632608,0.003252306,0.001246714,0.001108697,0.000696997,0.000485462,0.000944181,0.002479278,0.00413175,0.001097822,0.010688362,0.00041253,0.001431652,0.001310262,0.003754312,0.003231238,0.00494995,0.004544154,0.009464267,0.007188412,0.005140523,0.001649343,0.002237229,0.0,0.004059328,0.0,0.0,0.001095657,0.001297805,0.002161472,0.005790314,0.001336911,0.002643056,0.0,0.002108626,0.001351264,0.002918774,0.0,0.002227414,0.001932738,0.902834669,0,1,0,0,0,0,0,0,0,0,0,0.0,1,0,1,0,1,1,0,1,1,0,1,0,0,0,0,0,0,0,1,0
ENSG00000272070,0.002005019,0.426894344,0.033624821,0.049417058,0.088561487,0.089662536,0.054085003,0.080394026,0.038131554,0.006673022,0.12437811,0.174129353,0.313432836,0.216284954,0.0,0.00014293,0.000412763,0.000264235,0.001037046,0.00031614,0.000334017,0.000696997,0.00026531,0.000152287,0.000476153,0.001138248,0.000404461,0.0,8.76e-05,1.16e-05,6.26e-05,0.00308885,0.00016166,0.0,0.0,0.0,0.0,0.004004935,0.000120265,0.000124291,0.0,0.001285808,0.000201004,0.002324292,0.000997244,0.000939488,0.001007262,0.0,1.61e-05,0.0,0.0,0.000741214,0.0,0.00042906,0.0,0.000674622,0.000833479,0.711186207,1,0,0,0,0,0,0,0,0,0,0,0.0,1,0,0,0,0,0,0,0,0,0,0,0,0,0,0,0,0,0,0,0
ENSG00000224418,0.000988839,0.604233369,0.013209751,0.21631434,0.04464845,0.053134584,0.048422393,0.043103448,0.021943574,0.0,0.044776119,0.646766169,0.44278607,0.216141689,7.3e-05,0.000172501,0.000390651,0.000301983,0.000135739,6.12e-05,0.00010262,0.0,0.000220151,0.0,0.000314699,0.000385391,0.00027606,8.13e-05,0.0,0.0,0.0,0.000488005,0.000276006,0.0,0.000271635,0.0,0.0,0.000271046,0.000231939,0.000593832,0.000143062,0.00044897,0.0,0.000448341,8.2e-05,0.000447896,6.68e-05,0.000542121,0.000147832,0.0,0.0,6.39e-05,0.0,0.000154662,0.0,0.000162015,0.000123691,0.835476009,0,0,0,0,0,0,1,0,0,0,0,0.0,0,0,0,0,0,0,0,1,0,1,0,0,0,0,0,0,0,0,0,0
ENSG00000259129,0.019575626,0.25435788,0.032478521,0.33864397,0.107108333,0.110766667,0.110435689,0.004935834,0.012175058,0.012175058,0.0,0.0,0.0,0.240888322,0.0,0.0,4.42e-05,0.0,0.0,7.9e-05,6.84e-05,0.0,0.0,0.0,0.0,0.0,0.0,0.0,0.0,0.0,0.0,0.0,1.97e-05,0.0,0.0,1.15e-05,4.06e-06,0.000532745,0.0,0.0,0.0,0.000201904,0.0,0.0,0.0,0.0,0.0,0.000807414,0.000173541,0.001718108,0.000788272,0.0,0.0,4.01e-05,0.0,4.74e-05,0.0,0.803578818,1,0,0,0,0,0,0,0,0,0,0,0.0,0,0,0,0,1,1,0,1,0,0,0,0,0,0,0,1,0,0,0,0
ENSG00000213599,0.006738296,0.636961935,0.049596611,0.079294525,0.163846614,0.207332669,0.256585167,0.232022594,0.123832283,0.233326092,0.0,0.0,0.0,0.214469893,0.003903013,0.002010873,0.002764039,0.007149436,0.008399529,0.001547557,0.005515312,0.012243203,0.002404728,0.011661397,0.02509653,0.011678243,0.003331985,0.002556297,0.004374503,0.0,0.002683148,0.012660404,0.008252569,0.0,0.0,0.002544529,0.00879095,0.012692419,0.012739455,0.126845369,0.007348844,0.084098221,0.013656977,0.018275777,0.001623803,0.046482818,0.004355005,0.050895942,0.002101779,0.034279188,0.004956147,0.015488818,0.042529551,0.001470345,0.000671301,0.003507774,0.005079527,0.518552042,0,0,0,0,0,0,0,1,0,0,0,0.0,1,0,0,0,0,0,0,0,0,0,1,0,0,1,0,0,0,0,0,0
ENSG00000259994,0.00206556,0.280505158,0.034640116,0.008866065,0.142012654,0.18397963,0.227502374,0.121604938,0.125,0.083024691,0.0,0.0,0.0,0.216983545,0.0,0.000271074,0.000471729,0.000392577,0.000445224,8.67e-05,3.82e-05,0.000506907,0.000220151,8.38e-05,7.11e-05,0.000322653,0.0,0.000243962,0.000165012,0.000197069,0.000221589,0.000571188,8.87e-05,0.00013109,4.23e-05,0.0,0.000128582,0.00036451,0.000283481,0.0,9.04e-05,0.000223157,0.0,0.000283162,0.000216507,0.00015731,0.000112215,0.001712872,0.000626677,0.00034411,0.0,0.00172524,0.0,0.000317524,0.000849418,0.000794313,0.001106429,0.491102055,0,0,1,0,0,0,0,0,0,0,0,0.0,1,0,0,0,0,0,0,1,0,1,1,0,0,1,0,0,0,0,0,0
ENSG00000257086,0.001619639,0.693881181,0.008569963,0.097575821,0.000927273,0.014172727,0.019041446,0.049469965,0.058892815,0.122497055,0.029850746,0.0,0.0,0.215241086,0.002133991,0.000837864,0.001186694,0.0,0.009089083,0.003184348,0.010620146,0.001978344,0.00112898,0.003019095,0.004742371,0.002769438,0.001245482,0.002793187,0.0,0.000898405,0.001989479,0.00292803,0.002860601,0.001756603,0.004447573,0.001143695,0.004924015,0.0,0.002327979,0.012429051,0.0,0.006269642,0.0,0.005651451,0.001217032,0.012309481,0.000793519,0.006078677,0.000600967,0.001212926,0.0,0.000830671,0.00146371,0.000638819,0.0,0.000649577,0.000311759,0.842746996,0,0,0,0,0,0,0,1,0,0,0,0.0,0,0,0,0,0,0,0,0,1,0,1,0,0,0,0,0,0,0,0,0
ENSG00000260920,0.001549984,0.299715404,0.025960982,0.190394047,0.100500408,0.170468137,0.176703577,0.0625,0.058415033,0.0,0.119402985,0.0,0.0,0.216115087,0.004916336,0.001651084,0.006943267,0.004424044,0.004924611,0.00084644,0.000372248,0.002344443,0.001320907,0.000355971,0.001275214,0.008810217,0.005598249,0.004416065,0.00041253,0.001535983,0.001021234,0.003038941,0.000928562,0.001179808,9.78e-05,0.001730894,0.001250629,0.001551503,0.000721587,0.000731933,0.001069197,0.001131724,0.0,0.004813762,0.001486025,0.00076033,0.000499623,0.002197321,0.001500811,0.000388039,0.001884604,0.003169329,0.000890043,0.000248522,0.00044282,0.000568959,0.000751671,0.541362101,0,0,1,0,0,0,0,0,0,0,0,0.0,1,0,0,0,0,0,0,1,1,0,0,0,0,1,0,0,0,0,1,0
ENSG00000278875,0.0011288,0.385805763,0.0,0.0,0.173631316,0.181316491,0.208513094,0.174347585,0.156024431,0.191560244,0.0,0.0,0.0,0.220035897,0.0,4.44e-05,0.0,0.0,0.000401787,8.41e-05,0.000386333,0.0,0.0,6.09e-05,0.0,0.0,0.0,0.0,8.92e-05,1.16e-05,7.71e-05,0.0008651,0.0,0.0,0.0,0.0,8.12e-06,0.000144869,0.0,0.0,0.0,0.000116892,0.0,0.0,0.0,0.0,0.0,0.0,0.0,0.0,0.0,0.0,0.0,0.0,0.0,0.0,0.0,0.0,0,1,0,0,0,0,0,0,0,0,0,0.0,1,0,0,0,0,0,0,1,0,0,1,0,0,0,0,0,0,0,0,0
ENSG00000255310,0.001217984,0.374244041,0.020425987,0.0,0.079008256,0.088120227,0.088485515,0.062435501,0.083075335,0.024767802,0.587064677,0.736318408,0.402985075,0.24134278,0.0,9.86e-06,0.00572709,0.001676003,0.002660484,0.001050401,0.00091553,0.00114758,0.000846735,0.001612341,0.0,0.0,0.0,0.0,0.001121408,0.000741909,0.001074223,0.004375409,0.002142987,0.0,0.0,0.0,0.0,0.002229118,0.0,0.0,0.0,0.001057338,0.0,0.002159114,0.001259677,0.002189226,0.00016565,0.003368071,0.00070702,0.0,0.0,0.001009585,0.002327071,0.001490163,0.0,0.003182333,0.004756422,0.577790434,0,0,0,0,0,1,0,0,0,0,0,0.0,0,0,0,0,0,0,0,0,0,0,0,0,0,0,0,0,0,0,0,0
ENSG00000212694,0.005580202,0.674137318,0.051321521,0.022231482,0.56831383,0.579300532,0.494620308,0.483870968,0.512005821,0.496240602,0.915422886,1.0,1.0,0.215809159,0.017647286,0.005041967,0.026416847,0.033731447,0.04043936,0.007855065,0.035989376,0.036074853,0.009336668,0.04059788,0.063733311,0.029809545,0.0,0.01312091,0.003096502,0.000521654,0.002384485,0.017695729,0.072067046,0.005175424,0.022967052,0.005990966,0.037137196,0.017781537,0.015651576,0.1392468,0.00708531,0.066973596,0.010434763,0.012872093,0.00264073,0.048855572,0.002417963,0.018714712,0.000514197,0.026079126,0.002663816,0.005111821,0.032506566,0.004550524,0.002976087,0.007275061,0.009644384,0.704932713,0,0,0,0,0,0,0,1,0,0,1,0.0,0,0,0,0,0,0,0,0,0,1,0,0,0,1,0,0,0,0,0,0
ENSG00000263470,0.006626328,0.468872287,0.006506621,0.0,0.09380117,0.144064327,0.179258967,0.119515885,0.125567322,0.052950076,0.189054726,0.0,0.074626866,0.22325673,0.0,0.006969053,0.000700223,0.0,0.010620219,0.002404195,0.000609682,0.000612512,0.000558845,4.57e-05,7.11e-05,0.00079767,0.000706201,0.000190927,0.000183534,0.003135723,0.002312228,0.00254539,0.0,0.001384308,5.19e-05,0.000809797,2.57e-05,0.002126307,0.026483979,0.011710928,0.0,0.000308169,5.85e-05,0.002159114,0.001174387,0.000117982,0.001899637,0.0,0.000465991,0.0,0.0,0.002747604,0.0,0.000827601,0.001052134,0.001425282,0.001932395,0.675693485,1,0,0,0,0,0,0,0,0,0,0,0.0,0,0,0,0,0,0,0,1,0,0,0,0,0,1,0,0,0,0,0,0
ENSG00000260400,0.001449733,0.213269299,0.024312492,0.154565405,0.324703575,0.400193984,0.394629926,0.31211857,0.283347864,0.316041848,0.0,0.303482587,0.0,0.217061967,0.0,0.000167573,0.0,6.04e-05,0.000798145,0.000308492,0.000181094,0.000119686,0.000101608,6.09e-05,0.000265441,0.0,0.000494341,0.000463174,0.0,0.0,2.41e-05,0.001098011,2.17e-05,0.0,0.0,0.0,0.0,0.0,9.45e-05,0.0,0.0,0.000313482,0.0,0.000542728,0.000177142,0.000255628,8.82e-05,0.000253759,0.0,0.000551552,0.0,0.00057508,0.000851925,0.000295398,0.000181814,0.00050813,0.000696648,0.676175029,0,0,1,0,0,0,0,0,0,0,0,0.0,1,0,0,0,0,0,0,0,0,0,0,0,0,1,0,0,0,0,0,0
ENSG00000273448,0.000826094,0.314834578,0.013853863,0.234930723,0.069426388,0.097980639,0.105294895,0.011976048,0.0,0.001497006,0.0,0.0,0.0,0.241865961,7.3e-05,0.00099065,0.004127632,0.000800254,0.000114021,9.69e-05,3.22e-05,0.000204171,0.0,0.000485416,0.000218921,0.000385391,7.7e-05,0.000243962,0.000255937,0.0,0.000274577,0.001159012,0.001092194,0.0,0.000178676,0.0,9.61e-05,0.000686961,0.000154626,0.0,0.0,0.000911223,0.0,0.000141581,4.26e-05,0.000972261,3.21e-05,0.000767044,0.000109267,0.0,0.0,2.56e-05,0.000146752,0.000202373,0.0,0.000396527,0.000504906,0.619514892,0,0,1,0,0,0,0,0,0,0,0,0.0,1,0,0,0,0,0,0,0,0,0,0,0,0,0,0,0,0,0,0,0
ENSG00000236289,0.022984158,0.459800783,0.013777443,0.186996742,0.025375,0.032605469,0.052980379,0.089056604,0.168301887,0.17509434,0.129353234,0.452736318,0.985074627,0.24460712,0.0,0.0,0.0,0.0,0.0,0.0,1.21e-05,0.0,0.0,0.0,0.000454261,0.000259915,0.00017976,0.0,0.0,0.0,0.0,0.0,0.0,0.0,0.0,0.0,0.0,0.0,0.0,0.0,0.0,0.0,0.0,0.0,0.0,0.0,0.0,0.0,0.0,0.0,0.0,0.0,0.0,0.0,0.0,0.0,0.0,0.0,0,0,1,0,0,0,0,0,0,0,1,0.0,0,0,0,0,1,0,0,0,1,0,0,0,0,0,0,0,0,0,0,0
ENSG00000278291,0.002827858,0.442191391,0.0,0.0,0.051990932,0.105725459,0.132992239,0.030605305,0.036272954,0.030832011,0.094527363,0.845771144,0.527363184,0.216389701,0.000145987,0.00053229,8.84e-05,6.04e-05,0.000466942,0.000130025,5.23e-05,0.001943142,0.001896687,0.000211299,9.85e-05,0.001084472,0.000802501,0.0,6.9e-05,0.000701335,0.000342017,0.00129765,1.77e-05,0.000230718,3.14e-05,0.000199571,1.89e-05,0.004135785,0.000996478,0.000759553,0.000745426,0.000273633,0.0,0.000955673,0.00152539,0.00030151,0.001784751,0.00096313,0.001433323,0.000334348,0.009114961,0.001444089,0.000181058,0.0,0.0,0.0,0.0,0.0,0,0,0,0,0,0,1,0,0,0,0,0.0,1,1,0,0,0,0,0,1,1,0,0,0,0,1,0,1,0,0,0,0
ENSG00000259959,0.002701568,0.292422625,0.045306171,0.125208149,0.025055727,0.067215319,0.08333294,0.0,0.018970832,0.0,0.0,0.0,0.0,0.216507195,0.0,0.000606219,0.001791098,0.000551118,0.0,0.000596587,0.000173045,0.000746279,0.000502396,0.000778569,0.000673181,0.001371275,0.00026322,0.001046561,0.000484933,0.0,0.0,0.001208922,0.000512582,0.000309372,0.000129178,0.000852014,0.000393867,0.000883235,0.00027489,0.001422436,0.000248475,0.00158335,0.0,0.002583857,0.000436294,0.000766885,0.00024046,0.00374871,0.000903058,0.0008859,0.00106009,0.001610224,0.000859549,0.000344609,0.000880921,0.000857275,0.001422796,0.494395606,1,0,0,0,0,0,0,0,0,0,0,0.0,0,0,0,0,0,1,0,0,1,0,1,0,0,0,0,0,0,0,0,0
ENSG00000260000,0.00094327,0.378512985,0.01581895,0.442196243,0.040736807,0.07546372,0.094351516,0.025065963,0.0,0.0,0.039800995,0.0,0.0,0.215975978,0.0,0.000926579,0.002660849,0.001102236,0.000754709,0.000571092,0.000142863,0.0,0.000462882,0.000114215,0.000311962,0.001891105,0.001078562,0.002665903,0.000136388,0.000208662,0.0,0.002140568,0.000808302,0.000723616,0.000590354,0.002391013,0.000797209,0.003126373,0.000944936,0.000455732,0.000564717,0.001272525,0.0,0.002359687,0.001105498,0.000393274,0.001341235,0.000570957,0.000581685,0.001561917,0.0,0.000817891,0.000806184,0.000125152,0.0,0.000424066,0.000822141,0.281069441,0,1,0,0,0,0,0,0,0,0,0,0.0,0,1,0,0,0,0,0,0,0,0,0,0,0,0,0,0,0,0,1,0
ENSG00000261777,0.020206426,0.460868018,0.015720696,0.0,0.011427007,0.007018248,0.058961121,0.139720559,0.131736527,0.123752495,0.0,0.0,0.0,0.229126168,0.000579655,0.000571719,0.000773931,0.000996542,0.000640688,0.00021416,0.000108656,0.000246413,0.0,0.0,0.000207975,0.000985884,0.000667681,0.000385389,6.4e-05,0.000185477,0.000192686,0.000776372,0.000262205,0.000566308,0.000251112,0.0,0.000133996,0.000626209,0.000953526,0.001118615,0.0,0.000988266,0.0,0.000342155,0.000524866,0.000211931,0.000718709,0.0,0.001066958,0.0,0.001123514,0.001904153,0.0,0.000497261,0.0,0.000705625,0.000929509,0.747494008,0,0,0,0,0,0,1,0,0,0,1,0.0,1,0,0,0,0,0,0,0,1,0,0,0,0,0,0,0,0,0,0,0
ENSG00000261061,0.000421835,0.398434721,0.007074313,0.424851654,0.208420979,0.283440559,0.291537631,0.0,0.0,0.0,0.0,0.0,0.0,0.222674525,0.001867778,0.00956643,0.013643299,0.00725513,0.0,0.000629731,0.000382309,0.001992425,0.00404175,0.000620571,0.0,0.004552991,0.0,0.004691848,0.00026604,0.002654642,0.0,0.00124774,0.000784645,0.011787593,0.001103442,0.018130251,0.00066592,0.014645818,0.005231509,0.001601967,0.0,0.003100285,0.0,0.002902415,0.001210471,0.000238149,0.005228678,0.003875589,0.004389954,0.000553992,0.007021963,0.006236422,0.000790937,0.001959548,0.007655909,0.005098408,0.006610439,0.467359866,0,0,0,0,0,1,0,0,0,0,0,0.0,1,0,1,0,0,0,0,0,0,0,0,0,0,0,0,0,0,0,0,0
ENSG00000260267,0.001925599,0.690857346,0.032292929,0.137200931,0.102505455,0.13597157,0.247955757,0.100165289,0.09785124,0.204297521,0.417910448,0.820895522,0.830845771,0.216407713,0.002112522,0.00166587,0.00181321,0.004997811,0.003116567,0.000833692,0.000752545,0.002513412,0.001213654,0.000873748,0.002941748,0.00253641,0.001104242,0.001241024,0.000446206,0.000840443,0.000838183,0.006759979,0.001326799,0.0,0.002887783,0.0,0.001039484,0.00322451,0.003470492,0.006255956,0.003403358,0.002218285,0.000574297,0.004636785,0.000990684,0.005748357,0.001488183,0.010357973,0.003631514,0.006345286,0.00985793,0.004,0.006173122,0.000761755,0.001336175,0.001469448,0.001784422,0.626704672,0,0,0,0,0,0,1,0,0,0,0,0.0,1,1,0,0,0,0,0,0,0,1,0,0,0,1,0,0,0,0,0,0
ENSG00000245910,0.003025105,0.418000711,0.01287132,0.0,0.042995,0.140535,0.109828643,0.1230893,0.134352373,0.078037007,0.034825871,0.0,0.0,0.231132158,0.0,0.156463624,0.181564225,0.079949871,0.144442574,0.086568884,0.003320053,0.0,0.142155562,0.008394835,0.0,0.093354246,0.120561366,0.134868526,0.0,0.073889456,0.0,0.087474907,0.015414915,0.228174863,0.012303261,0.137984103,0.019651394,0.3098427,0.0,0.0,0.0,0.063899877,0.005673229,0.087768562,0.246414513,0.009897399,0.19373093,0.087206519,0.249552488,0.0758823,0.683993549,0.277955272,0.033745383,0.075534908,0.193642199,0.230706534,0.391111972,0.36019615,0,0,0,0,0,0,1,0,0,1,1,0.0,0,0,0,0,0,0,0,0,0,0,0,0,0,0,0,0,0,0,0,0
ENSG00000260236,0.001199757,0.58075418,0.020120307,0.282584135,0.040042932,0.094891623,0.082850866,0.020418848,0.02513089,0.019895288,0.23880597,0.243781095,0.15920398,0.21595187,0.000339206,0.0,0.001024537,0.000739857,0.0,6.63e-05,3.82e-05,0.000176009,0.00028789,0.000159902,0.000270914,0.000510867,0.000340261,0.000233355,5.22e-05,0.0,6.26e-05,0.000898373,0.000197147,0.000225474,0.000199199,0.000268653,0.000115047,0.000551438,0.00052401,0.000690503,0.000391537,0.000337392,0.0,0.000672511,0.000574072,0.000762515,0.000280537,0.000663233,0.000401716,0.0,0.0,0.000472843,0.0,0.000396035,0.000121859,0.000576886,0.000828688,0.738582209,0,1,0,0,0,0,0,0,0,0,0,0.0,1,0,0,0,0,0,0,1,1,0,0,0,0,0,0,0,0,0,0,0
ENSG00000239911,0.001376172,0.695304162,0.011856025,0.051517811,0.028403933,0.048856278,0.075369156,0.020689655,0.032758621,0.0,0.288557214,0.373134328,0.333333333,0.215971821,3.01e-05,0.000192216,0.0,4.53e-05,0.000293196,0.000122377,3.42e-05,0.0,0.0,0.0,0.0,0.0,1.28e-05,0.0,0.0,0.0,0.0,0.000399277,0.0,0.0,0.000184712,0.000207247,0.0,0.000672941,0.0,0.000386682,0.0,0.001665706,0.0,0.0,0.000127936,0.0,0.000897719,0.0,0.0,0.002372161,0.006641418,0.002760383,0.0,0.003101756,0.0,0.004996479,0.005812027,0.70206117,0,0,0,0,0,0,1,0,0,0,0,0.0,0,0,0,0,0,0,0,0,0,0,0,0,0,1,0,0,0,0,0,0
ENSG00000272936,0.000320933,0.101387407,0.005382155,0.038857225,0.066894643,0.174623214,0.152606093,0.0125,0.0,0.064285714,0.0,0.0,0.0,0.222097862,0.0,0.0,0.000737077,6.04e-05,0.0,0.000150422,3.22e-05,0.0,4.52e-05,0.000213202,0.0,0.000233027,0.0,0.00041721,0.0,0.0,0.0,0.000953828,0.000343036,0.0,0.0,0.0,0.0,0.000551438,0.000111674,0.0,0.0,0.00116626,0.0,0.000424744,0.0,0.0,3.74e-05,0.003321933,0.0,0.0,0.0,0.002900958,0.001772462,0.000711276,0.000996245,0.001542823,0.002129869,0.569849191,0,0,0,0,0,0,1,0,0,0,0,0.0,0,0,0,0,0,0,0,0,0,0,0,0,0,0,0,0,0,0,0,0
ENSG00000275764,0.001167208,0.207755247,0.0,0.0,0.149247312,0.182113441,0.187059116,0.039784946,0.019892473,0.0,0.0,0.0,0.0,0.219981583,0.0,0.002720592,0.007024346,0.001147534,0.0,0.000887232,0.000124754,0.001358791,0.001241878,0.00088517,0.0,0.000941071,0.000346681,0.002443155,0.0,0.002347445,0.002519365,0.001558289,0.000960105,0.000618744,0.0,0.003296758,0.0,0.002850654,0.001013659,0.001546726,9.79e-05,0.001455832,0.0,0.001923145,0.000577352,0.0,0.000673289,0.003933261,0.001433323,0.001749835,0.0,0.001341853,0.0,0.0,0.0,0.0,0.0,0.0,0,0,0,0,0,1,0,0,0,0,0,0.0,1,0,0,0,0,0,0,1,0,0,0,0,0,0,0,0,0,0,0,0
ENSG00000275389,0.001803215,0.500711491,0.0,0.0,0.100519563,0.090028904,0.160626961,0.088826225,0.053930208,0.069439549,0.0,0.0,0.0,0.246934001,0.0,1.97e-05,5.16e-05,6.04e-05,2.71e-05,5.1e-06,6.04e-06,5.63e-05,5.08e-05,3.62e-05,0.0,1.79e-05,0.0,0.0,0.0,0.0,9.63e-06,0.000210729,1.77e-05,0.0,3.62e-06,0.0,1.22e-05,7.48e-05,2.58e-05,8.29e-05,0.0,3.98e-05,1.44e-05,0.00015338,5.58e-05,5.68e-05,2.14e-05,1.15e-05,0.0,0.0,0.0,7.67e-05,0.0,0.0,0.0,0.0,0.0,0.0,0,0,0,0,0,0,0,1,0,0,0,0.0,1,0,0,0,1,1,0,1,0,0,0,0,0,0,0,0,0,0,1,0
ENSG00000261168,0.000955639,0.45962291,0.016026376,0.162562843,0.059026059,0.065173941,0.068986847,0.044299674,0.033224756,0.0,0.0,0.179104478,0.179104478,0.215969327,0.0,0.0,0.0,0.0,0.0,2.04e-05,0.000116705,0.001795294,0.001574928,0.001593305,0.000333854,0.00031369,0.0,3.18e-05,5.05e-05,0.0,2.89e-05,0.000682098,0.0,6.82e-05,0.000199199,8.44e-05,8.12e-05,0.0,0.000111674,0.000966704,0.0,0.000247066,6.26e-05,0.0,9.51e-05,0.000211931,5.88e-05,5.77e-05,1.61e-05,0.0,0.0,0.0,0.0,0.000673622,0.0,0.000718145,0.000426796,0.831081815,0,0,1,0,0,0,0,0,0,0,0,0.0,0,0,0,0,0,0,0,0,0,0,1,0,0,0,0,0,0,0,0,0
ENSG00000245937,0.092881206,0.297047314,0.06982609,0.195443305,0.198329519,0.249636156,0.326897389,0.061531308,0.046342219,0.061531308,0.144278607,0.233830846,0.28358209,0.216113147,0.01594267,0.020710015,0.017535066,0.02780504,0.004745435,0.000645028,0.000708278,0.011799659,0.008789112,0.001578077,0.00104261,0.005072821,0.004892048,0.007188038,0.001895955,0.015649634,0.007100466,0.01240531,0.005305223,0.0,0.001037043,0.002694207,0.002300941,0.010206275,0.032600292,0.021115576,0.014020029,0.003389858,0.000517892,0.017532475,0.009982286,0.002831574,0.009260397,0.005305866,0.0091527,0.0,0.029410699,0.027450479,0.004633177,0.003973015,0.017239883,0.01408682,0.023628604,0.243832133,0,1,0,0,0,0,0,0,0,0,0,0.0,1,0,1,0,0,0,0,1,0,0,1,0,0,1,0,0,0,0,0,0
ENSG00000259895,0.002080533,0.686232657,0.034891211,0.095928774,0.018910818,0.029183573,0.062765439,0.009193993,0.0,0.0,0.0,0.0,0.0,0.218202546,0.0,0.0,0.000103191,0.000105694,7.6e-05,1.02e-05,3.82e-05,6.34e-05,0.0,6.28e-05,5.75e-05,0.0,0.0,0.0,1.35e-05,0.0,0.0,0.000249548,0.0,4.72e-05,0.000367009,0.00014584,0.0,3.27e-05,2.58e-05,0.000497162,0.0,0.000217844,4e-05,4.72e-05,0.0,0.000150755,0.0,0.000328733,0.0,0.000231847,0.0,5.11e-05,0.0,1.41e-05,0.0,1.66e-05,1.43e-05,0.804439694,0,0,0,0,0,0,1,0,0,0,0,0.0,1,0,0,0,0,0,0,0,0,0,0,0,0,1,0,0,0,0,0,0
ENSG00000232093,0.000559843,0.526680896,0.008231531,0.08679059,0.246386076,0.264658228,0.261696788,0.06097561,0.106097561,0.045121951,0.31840796,0.482587065,0.179104478,0.219355595,0.004551368,0.002902951,0.00075919,0.000951245,0.003225158,0.000736811,0.000963821,0.00209803,0.001366066,0.000660546,0.000467943,0.00142505,0.001091402,0.003984712,0.00031487,0.000956367,0.001329531,0.001347559,0.000157718,0.016921068,0.005033097,0.0,0.001381918,0.002299216,0.003453312,0.004433028,0.000188239,0.001979188,6.77e-05,0.0,0.000613437,0.000950413,0.00088436,0.0,0.000729516,0.000573516,0.000498333,0.001929712,0.001055854,0.000263777,0.0,0.000378899,0.00047094,0.743371165,0,0,0,0,0,0,1,0,0,0,1,0.0,0,0,0,0,0,0,0,0,1,0,0,0,0,0,0,0,0,0,0,0
ENSG00000281468,0.000369106,0.172002846,0.0,0.0,0.009187697,0.014460568,0.11530511,0.0,0.0,0.0,0.0,0.0,0.0,0.60441301,0.0,0.00208973,0.004053925,0.000558668,0.0,7.9e-05,2.62e-05,0.000471705,0.000395143,0.0,0.0,0.00083352,0.0,0.000848563,0.0,0.0,0.000602143,0.001214467,0.000652556,0.0,7.97e-05,0.0,0.0,0.000799118,0.000609913,0.0,0.0,0.000882001,0.0,0.0,0.001512269,0.000421677,0.000205727,0.003771779,0.001651857,0.002987165,0.000969484,0.001955272,0.0,0.0,0.0,0.0,0.0,0.0,0,0,0,1,0,0,0,0,0,0,0,0.0,0,0,0,1,0,0,0,0,0,0,0,0,0,0,0,0,0,0,0,0
ENSG00000247572,0.063411332,0.372287442,0.041659843,0.134954823,0.001886447,0.003571429,0.010594075,0.026845638,0.027103769,0.020392359,0.179104478,0.069651741,0.0,0.234858161,0.002846752,0.003356383,0.002115412,0.001645805,0.004104747,0.001175328,0.001054368,0.002752784,0.002111193,0.001340128,0.001351836,0.002966614,0.002189223,0.002669439,0.0010288,0.001582352,0.001531851,0.005661968,0.000916733,0.004609117,0.001715527,0.00386093,0.000924437,0.004911536,0.00287776,0.009294168,0.001942625,0.00365552,0.0,0.003539531,0.002676814,0.002685188,0.001707269,0.00335077,0.002937348,0.009988945,0.021174616,0.006734824,0.0,0.001752498,0.002622086,0.005311812,0.008255591,0.365716567,0,0,0,0,1,0,0,0,1,0,0,0.0,1,0,0,0,1,0,0,1,1,0,1,0,0,1,0,0,0,0,1,0
ENSG00000234449,0.019034661,0.494485948,0.047085667,0.137738706,0.001914855,0.019161232,0.205604952,0.162514286,0.0,0.104,0.0,0.0,0.0,0.254578043,0.012881231,0.000571719,0.016090395,0.028507149,0.005690178,0.001509315,0.001706306,0.003646911,0.003832888,0.001469572,0.000845581,0.001532601,0.000982262,0.007622927,0.010644961,0.019457711,0.018093183,0.014490423,0.006651736,0.006203168,0.003387592,0.003642169,0.004637074,0.00132719,0.000893394,0.001947218,0.005519163,0.000247066,0.001369082,0.011515273,0.00432686,0.004712735,0.000152292,0.018737781,0.009933636,0.003231215,0.014424471,0.024217252,0.008888991,0.000613232,0.000247412,0.001219908,0.00128364,0.612428791,1,0,0,0,0,0,0,0,0,0,0,0.0,1,0,0,0,0,1,0,1,0,0,0,0,0,1,0,0,0,0,0,0
ENSG00000278730,0.001857247,0.399679829,0.0,0.0,0.034380479,0.054047945,0.067522681,0.023972603,0.0,0.011986301,0.512437811,0.0,0.323383085,0.238068464,0.001060555,0.015702549,0.002329164,0.002279968,0.003621516,0.000836242,0.000664011,0.024183669,0.017403232,0.006243778,0.007298271,0.019421914,0.01308398,0.000968776,0.00203571,0.010218631,0.005534895,0.031287779,0.00041598,0.007351515,0.001226584,0.00510441,0.000204378,0.043657062,0.009664118,0.012415241,0.007138017,0.019005518,0.0,0.017792041,0.007820496,0.005156261,0.017591014,0.002699071,0.002619189,0.004121995,0.019888011,0.005341853,0.00317709,0.0,0.0,0.0,0.0,0.0,0,0,1,0,0,0,0,0,0,0,0,0.0,0,0,0,0,0,0,0,0,0,0,0,0,0,0,0,0,0,0,0,0
ENSG00000260442,0.000583278,0.681252223,0.005622332,0.0,0.401037123,0.507979118,0.392304645,0.402753873,0.617900172,0.333907057,0.243781095,0.223880597,0.039800995,0.216361713,0.0,0.001054722,0.000899234,0.0,0.017054247,0.00391351,0.001539297,0.0026683,0.002432953,0.000213202,0.0,0.0,0.0,0.000929884,0.000117866,0.0,0.000274577,0.002939121,0.000658471,0.0,0.002664439,0.0,0.0,0.0,0.018486384,0.016958749,0.001950154,0.002112019,0.000130242,0.005450877,0.003388663,0.0,0.001846202,0.0,0.0,0.002296505,0.0,0.010261981,0.000384986,0.001334657,0.0,0.001287103,0.000597914,0.855174066,0,0,0,0,0,0,1,0,0,0,0,0.0,0,0,0,0,0,0,0,0,0,0,0,0,0,0,0,0,0,0,0,0
ENSG00000250538,0.001582533,0.501245109,0.017096257,0.075193724,0.000723077,0.029076923,0.019402512,0.004294479,0.0,0.0,0.034825871,0.0,0.0,0.216059111,0.0,0.000216859,0.0,0.0,2.71e-05,5.1e-06,1.61e-05,0.0,0.0,0.0,0.0,0.0,0.0,0.0,0.0,0.0,0.0,0.0,0.0,0.0,0.0,0.0,0.0,0.0,4.3e-05,0.0,0.0,0.0,0.0,0.0,0.0,0.0,0.0,0.0,0.0,0.0,0.0,0.0,0.0,0.000156177,0.0,0.000148535,0.0,0.858324073,0,0,0,0,0,0,1,0,0,0,0,0.0,0,0,0,0,0,0,0,0,0,0,1,0,0,1,1,0,0,0,0,0
ENSG00000275457,0.000589788,0.747065101,0.0,0.0,0.12071223,0.13299075,0.154129091,0.125385406,0.10688592,0.121274409,0.119402985,0.164179105,0.0,0.216059665,0.0,0.001404654,0.0004791,0.001004092,0.003431482,0.000716415,0.000511087,0.002013546,0.001507189,0.000102794,0.00098788,0.003118978,0.004192266,0.000449031,3.37e-05,0.0001507,0.000274577,0.001336468,0.00026812,0.0,0.000667619,0.0,0.000173247,0.000345817,0.008014775,0.00981895,0.00589564,0.00043303,0.0,0.00195854,0.002119144,0.0,0.001522916,0.000536354,0.000989829,0.0,0.0,0.002440895,0.0,0.0,0.0,0.0,0.0,0.0,0,0,0,0,0,0,1,0,0,0,0,0.0,0,0,0,0,0,0,0,0,0,0,0,0,0,0,0,0,0,0,0,0
ENSG00000267575,0.081589303,0.400924938,0.055382701,0.115063793,0.000572222,0.001477778,0.019214787,0.099941555,0.0,0.150399377,0.0,0.0,0.0,0.572437168,0.014001898,0.015051972,0.011601595,0.020436667,0.007883721,0.001759167,0.002293855,0.00515355,0.004036105,0.001414368,0.003007424,0.007698857,0.008262553,0.007987102,0.001661907,0.007094501,0.00497129,0.011262935,0.00585132,0.01899753,0.004734902,0.00669714,0.004894238,0.005818138,0.023494545,0.028503957,0.003584067,0.002029664,0.000659415,0.009025803,0.005721034,0.004583829,0.001640474,0.015496589,0.014869924,0.005120158,0.017994346,0.017009585,0.0,0.00268361,0.001824715,0.005314532,0.006625756,0.614546285,0,0,0,1,0,0,0,0,0,0,0,0.0,1,0,0,1,0,0,0,1,1,0,1,0,0,1,0,0,0,0,0,0
ENSG00000249087,0.00180647,0.54304518,0.0,0.0,0.286177795,0.376347196,0.188841366,0.273275537,0.364116095,0.13154919,0.064676617,0.094527363,0.069651741,0.216002026,0.0,0.001656013,0.002078558,0.001759048,0.00037464,0.000191214,0.000138839,0.002112111,0.001320907,0.001126926,0.001937449,0.003979386,0.001226222,0.009259947,0.000218894,0.00049847,0.000549154,0.009510553,0.000853646,0.0,0.001635847,0.002037926,0.007827262,0.001088856,0.002439653,0.003121073,0.001739327,0.0025052,0.0,0.003055795,0.003067183,0.008112372,0.000307255,0.008823886,0.000662028,0.004754084,0.000353363,0.001776358,0.003220925,0.00191954,0.000603909,0.003745738,0.005049015,0.621413172,0,0,0,0,0,0,1,0,0,0,0,0.0,0,0,0,0,0,0,0,0,0,0,1,0,0,0,0,0,0,0,0,1
ENSG00000231439,0.001397004,0.569014586,0.011048156,0.067892207,0.0,0.0,0.0,0.0,0.0,0.0,0.0,0.0,0.0,0.221846524,0.005251248,0.000404146,0.000368539,0.000709659,0.001026187,0.000247303,7.44e-05,0.0,2.82e-05,0.0,0.000147772,0.000734932,0.000770401,0.001704198,0.0,0.0,0.0,0.002240387,7.49e-05,0.0,0.0,0.0,0.000656445,0.002205752,0.00131432,0.001229095,0.0,0.001219392,1.54e-05,0.000141581,0.001010366,0.000478484,0.002898884,0.0,0.0,0.0,0.0,0.003079872,0.0,0.00034792,0.0,0.00031678,0.000184418,0.867933343,0,0,0,1,0,0,0,0,0,0,0,0.0,1,0,0,0,0,0,0,0,0,0,0,0,0,0,0,0,0,0,0,0
ENSG00000278878,0.002145631,0.299359658,0.0,0.0,0.014131034,0.006351724,0.017213344,0.0,0.0,0.0,0.0,0.0,0.0,0.244439469,0.0,0.001005436,0.010134811,0.005775416,0.000895877,0.000464012,0.000142863,0.000901167,0.000242731,0.000799508,0.000974197,0.001622227,0.000353101,0.002071909,9.77e-05,1.74e-05,0.000144514,0.000942737,0.00495233,0.00074459,0.001522364,0.003930012,0.001659385,0.002196405,0.0,0.001491486,0.0,0.002032321,0.0,0.0,0.000177142,0.0,0.0,0.002849019,0.0,0.0,0.0,0.000511182,0.0,0.0,0.0,0.0,0.0,0.0,0,0,0,1,0,0,0,0,0,0,0,0.0,0,0,0,0,0,0,0,1,0,0,0,0,0,0,0,0,0,0,0,0
ENSG00000269959,0.005224767,0.640163643,0.042511381,0.200822808,0.356558394,0.430177616,0.388566759,0.084343434,0.110353535,0.091666667,0.119402985,0.089552239,0.0,0.221395392,0.0,0.000207002,0.0,0.0,0.0,5.1e-06,6.04e-06,1.41e-05,0.0,0.0,0.0,0.0,1.28e-05,6.36e-05,3.03e-05,0.0,3.85e-05,0.000338276,0.0,0.0,5.43e-05,8.44e-05,4.74e-05,0.0,0.000128855,0.0,0.0,0.00025238,0.0,0.0,0.0,0.000115797,1.6e-05,0.000467147,0.0,3.42e-05,2.72e-05,0.000178914,6.1e-05,4.51e-05,0.0,4.59e-05,3.41e-05,0.842121994,0,0,1,0,0,0,0,0,0,0,0,0.0,1,0,0,0,0,0,0,1,1,0,1,0,0,1,0,1,0,0,0,0
ENSG00000263013,0.000710219,0.498932764,0.01191061,0.075233488,0.094250432,0.117043178,0.103795658,0.078583765,0.090673575,0.077720207,0.0,0.0,0.0,0.216618039,0.000794343,0.000680148,0.007525558,0.003427502,0.000483231,0.000175917,0.000225361,0.000584351,0.000649164,0.000717654,0.001480452,0.002357159,0.000950161,0.001329416,0.000420949,0.000353566,0.000631046,0.000554551,0.004946415,0.000498141,0.000661582,0.001193588,0.001066554,0.002654379,0.000695817,0.001684827,0.00017318,0.000977639,0.0,0.001675378,0.000236189,0.0,0.000328629,0.002670235,0.000877348,0.002081742,0.002473543,0.00113738,0.000846208,0.000616263,0.001227618,0.001309706,0.00205141,0.58023506,0,0,0,0,0,1,0,0,0,0,0,0.0,0,0,0,0,0,0,0,0,1,0,0,0,0,1,0,0,0,0,0,0
ENSG00000226849,0.002967819,0.519921736,0.028537429,0.223515971,0.058325267,0.063912633,0.0691434,0.077985075,0.065298507,0.07761194,0.034825871,0.0,0.119402985,0.224652804,2.15e-05,2.46e-05,0.00019164,0.000150991,0.000228042,4.33e-05,6.24e-05,9.15e-05,0.0,4.76e-05,0.00023534,0.000322653,7.7e-05,0.0,1.35e-05,0.0,9.63e-06,0.000565642,0.000138003,5.24e-05,0.000143665,0.0,4.2e-05,6.54e-05,2.58e-05,0.000441922,0.0,0.000223157,9.95e-05,0.000141581,0.0,0.000495962,5.34e-06,0.000317199,0.0,0.000261133,0.0,0.000102236,0.0,0.000386165,8.67e-05,0.000515496,0.000651453,0.767415446,0,0,0,0,0,0,1,0,0,0,0,0.0,0,0,0,0,0,0,0,1,1,0,1,0,0,0,0,0,0,0,0,0
ENSG00000166770,0.015199737,0.396655994,0.038810467,0.368119384,0.147103147,0.136195804,0.259292303,0.005242826,0.007726269,0.008554084,0.0,0.0,0.0,0.215966833,0.000111637,0.0,0.0,0.0,0.063688734,0.014203365,0.003167129,0.02800659,0.016330701,0.001513355,0.0,0.0,0.0,0.00010607,0.006179533,0.02856348,0.018791668,0.051556625,0.0,0.0,0.0,0.0,0.0,0.0,0.0,0.0,0.026368496,0.0,0.0,0.036893708,0.044505314,0.009927987,0.0,0.0,0.0,0.003834017,0.007656205,0.0,0.0,0.010463553,0.008733071,0.030285806,0.044734413,0.398065341,0,1,0,0,0,0,0,0,0,0,0,0.0,0,0,1,0,1,0,0,1,1,0,0,0,0,0,0,0,0,0,1,0
ENSG00000267152,0.001295451,0.257559587,0.014104957,0.032785783,0.27375625,0.19574375,0.614283927,0.0,0.223858616,0.477908689,0.0,0.0,0.0,0.217386738,0.000193218,0.0,0.002896713,0.000430325,0.0,0.000471661,5.63e-05,0.000612512,0.000254021,0.0,0.0,0.001989693,0.0,0.0,0.000346862,0.0,0.000780377,0.00124774,0.000254319,0.000424731,9.18e-05,0.0,6.23e-05,0.000317778,0.00025771,0.0,2.26e-05,0.000916537,0.0,0.0,0.00047894,0.000325544,0.0,0.003264261,0.000854852,0.0,0.0,0.00200639,0.0,0.000622626,0.001490264,0.001777477,0.002642152,0.407444294,0,0,1,0,0,0,0,0,0,0,0,0.0,1,0,0,0,0,0,0,1,0,0,0,0,0,0,0,0,0,0,0,0
ENSG00000245573,0.124512334,0.327641409,0.039934934,0.189077003,0.458574713,0.554747126,0.420760101,0.20005385,0.215939688,0.170166936,0.268656716,0.23880597,0.218905473,0.238718561,0.000184631,0.000300645,0.001488896,0.000777605,0.000314914,0.000112179,0.000104632,0.000281615,0.00026531,0.000140866,1.37e-05,0.0,6.42e-05,0.000272247,0.000318238,0.001535983,0.00124764,0.002916939,0.000246434,0.0,4.71e-05,0.000122813,5.96e-05,0.000210294,0.0,4.14e-05,0.000248475,7.17e-05,0.0,0.0007551,0.001112059,0.000303695,0.000157635,0.0,0.000302091,0.0,0.0,5.11e-05,0.0,0.001528068,0.0,0.001723138,0.001552777,0.816501147,0,0,0,0,0,0,1,0,0,0,1,0.0,1,0,0,0,0,1,0,1,0,0,1,0,0,1,0,0,0,0,0,0
ENSG00000260032,0.003431317,0.364994664,0.057544296,0.053635197,0.342609592,0.33544586,0.295215185,0.334769577,0.299925066,0.26002248,0.422885572,0.223880597,0.149253731,0.220083559,0.044023753,0.048334869,0.055981013,0.027367165,0.030112338,0.009874283,0.002231478,0.046452358,0.047642971,0.007774265,0.018791612,0.120233027,0.068597806,0.051260293,0.019998451,0.043830567,0.042939998,0.072224749,0.003765506,0.050280794,0.005832308,0.073280908,0.002961447,0.058143991,0.045425651,0.034870393,0.035998795,0.005448744,0.0,0.10316552,0.052365175,0.006432217,0.029386933,0.052020554,0.028476853,0.010745498,0.120415338,0.037444089,0.022792332,0.045875514,0.122005989,0.103932939,0.142546673,0.547005486,0,0,0,1,0,0,0,0,0,0,1,0.0,1,0,0,0,0,0,0,0,0,0,0,0,0,1,0,0,0,0,0,0
ENSG00000279259,0.000832604,0.651725365,0.0,0.0,0.035046062,0.025793462,0.045582538,0.0,0.0,0.0,0.0,0.0,0.0,0.215967111,0.001391173,0.000197144,0.00028746,0.000702109,0.0,0.00021161,0.000235422,0.000422422,0.0,0.000213202,0.000645816,0.000439166,0.000321,0.000325283,7.07e-05,0.0,8.19e-05,0.000776372,0.000524411,0.001069693,0.001530815,0.000610226,0.00061584,0.0,0.001237007,0.003797766,0.000662601,0.000741199,9.74e-05,0.000495534,0.000223068,0.001035622,0.000162979,0.00096313,0.000298877,0.002176921,0.0,0.001469649,0.001109218,0.0,0.0,0.0,0.0,0.0,0,1,0,0,0,0,0,0,0,0,0,0.0,1,0,1,0,0,0,0,0,0,0,0,0,0,0,0,0,0,0,0,0
ENSG00000234741,0.003199568,0.44681608,0.038897805,0.0,0.04853125,0.0654375,0.006668231,0.149476007,0.148372863,0.124379482,0.487562189,0.537313433,0.47761194,0.215973761,0.0,1.0,1.0,1.0,0.793769037,0.246770398,0.074153889,0.4508371,0.538879261,0.233505862,0.136716024,0.77485996,0.713635459,1.0,0.137259722,0.910263841,0.605659178,0.600628861,0.18877209,0.0,0.165845926,1.0,0.371622353,0.828652342,0.612112361,0.852536217,0.0,0.451265485,0.0,1.0,0.696414513,0.30223336,0.398977242,0.865519369,0.239728119,0.564398552,0.286052117,0.487514377,1.0,0.120083145,0.073842173,0.188011858,0.23896913,0.712760154,0,1,0,0,0,0,0,0,0,1,1,0.0,1,0,0,0,0,0,0,0,0,0,0,0,0,0,0,0,0,0,0,0
ENSG00000249430,0.031015952,0.415154749,0.006954224,0.0,0.490955263,0.025155263,0.462182285,0.568376068,0.08974359,0.457264957,0.0,0.0,0.0,0.216058002,0.0,0.0,0.0,0.0,0.020985248,0.006116294,0.008676405,0.0,0.0,0.0,0.0,0.0,0.0,0.0,0.0,0.0,0.0,0.0,0.0,0.0,0.0,0.0,0.0,0.0,0.001116743,0.001905788,0.0,0.0,0.0,0.0,3.94e-05,0.0,0.000232445,0.0,0.0,0.0,0.0,0.0,0.0,0.000108548,0.0,9.84e-05,0.0,0.868802382,1,0,0,0,0,0,0,0,0,0,0,0.0,0,0,0,0,0,0,0,0,0,0,0,0,0,0,0,0,0,0,0,0
ENSG00000224272,0.002367615,0.722340804,0.023821221,0.274798294,0.000298077,0.004378205,0.02438383,0.0,0.0,0.0,0.0,0.0,0.0,0.216447063,0.0,0.0,0.0,0.0,0.0,7.65e-06,8.05e-06,0.0,0.0,0.0,0.001069975,0.00739413,0.007395851,0.0,0.0,0.0,0.0,0.000122001,0.0,0.0,0.0,0.0,0.000116401,0.0,0.0,0.0,0.0,0.0,0.0,0.0,6.56e-06,0.0,0.0,0.0,0.0,0.0,0.0,0.0,0.0,0.001195914,0.0,0.000962532,0.000572184,0.892954308,0,0,0,0,0,0,1,0,0,0,0,0.0,0,0,1,0,0,0,0,1,0,0,0,0,0,1,0,0,0,0,1,0
ENSG00000224152,0.001119035,0.538598364,0.015567856,0.014590966,0.636550562,0.658516854,0.547033001,0.613270778,0.662868633,0.46849866,0.373134328,0.462686567,0.203980099,0.216335665,0.003070027,0.000975865,0.000471729,0.000754956,0.0,0.000736811,0.00042054,0.002414847,0.001772499,0.000451151,0.000358483,0.000905221,0.000770401,0.001813804,8.08e-05,0.000515858,0.000529886,0.002617482,0.000149832,0.0,0.000196785,0.000583361,0.000431765,0.002107615,0.003238553,0.002651531,0.001912507,0.001033428,7.59e-05,0.001274231,0.000990684,0.00061176,0.002797356,0.000651699,0.000742371,0.000758994,0.00166715,0.002325879,0.0,0.001006328,0.001582673,0.002160723,0.002631864,0.575049028,0,0,0,0,0,0,1,0,0,0,0,0.0,0,0,0,0,0,0,0,0,0,0,0,0,0,1,0,0,0,0,0,0
ENSG00000272918,0.001678227,0.310743508,0.028144412,0.25426811,0.060999622,0.104494518,0.20350635,0.031379962,0.020037807,0.052930057,0.791044776,0.76119403,0.855721393,0.241249948,0.000133106,0.000157715,0.000265348,0.0,0.000228042,3.82e-05,0.000171033,0.000359059,0.000124188,0.000732882,0.000295543,0.000412279,2.57e-05,0.000120213,0.000402427,6.96e-05,0.000260126,0.000665461,0.000185318,0.0,8.81e-05,0.000157354,0.000161066,0.000261699,3.44e-05,0.001104805,0.000105414,0.000616338,0.000119987,0.000283162,9.19e-05,0.000489408,2.14e-05,0.000720906,9.96e-05,0.000627207,0.000226515,0.000153355,0.0,0.00048524,0.000211223,0.000596812,0.000716419,0.792278247,0,0,0,0,0,0,1,0,0,0,0,0.0,1,0,0,0,0,0,0,0,0,0,1,0,0,1,0,0,0,0,1,0
ENSG00000258920,0.001544125,0.598185699,0.011015404,0.0,0.022034755,0.013650869,0.032486931,0.104186047,0.073488372,0.100465116,0.213930348,0.383084577,0.417910448,0.271867959,0.0,0.000798435,0.000700223,0.001087137,0.000993609,0.000295744,0.000201215,0.001281347,0.001552348,0.000140866,0.000257232,0.001738741,0.001476602,0.0,0.0,0.001159232,0.000732205,0.002212659,0.000212919,0.003486988,0.000548099,0.001596567,0.0,0.000588824,0.001932824,0.000883844,0.002386868,0.000151428,7.28e-05,0.002513067,0.001341687,0.000316804,0.000545044,0.0,0.0,0.0,0.0,0.001546326,0.0,0.000496323,0.001033157,0.001170625,0.001543942,0.52496703,0,0,0,0,1,0,0,0,0,0,0,0.0,0,0,0,0,0,0,0,0,0,0,0,0,0,0,0,0,0,0,0,0
ENSG00000228065,0.129174004,0.237282106,0.092588347,0.439390262,0.06768552,0.218757919,0.148816426,0.016862902,0.016962682,0.0,0.0,0.044776119,0.0,0.255764345,0.0,0.006564907,0.006670549,0.0,0.004881174,0.001677583,0.002356232,0.001154621,0.00142816,0.001439115,0.001926503,0.003844947,0.001945263,0.0,0.00079812,0.001825791,0.002037651,0.010957932,0.002259303,0.000907141,0.0,0.001727056,0.0,0.004486275,0.00368525,0.003107263,0.000459303,0.004139027,0.0,0.00248947,0.003021257,0.001815616,0.001894294,0.009729343,0.006658847,0.005498434,0.000851696,0.009635783,0.025027921,0.001259132,0.0,0.001405172,0.001233769,0.819265824,0,0,0,1,0,0,0,0,0,0,0,0.0,1,1,1,0,1,1,0,1,1,0,1,0,0,0,0,1,0,1,1,0
ENSG00000255224,0.000778572,0.744574884,0.013056911,0.0,0.156770388,0.140436263,0.171756299,0.160728424,0.119556611,0.145684877,0.0,0.0,0.0,0.216125894,0.0,0.00038936,0.0,0.000392577,0.0,0.00010453,0.000122741,0.000936369,0.000355629,0.000167516,0.000758013,0.000976921,0.0,0.000197998,9.6e-05,0.0003014,0.000197503,0.002118386,0.000270091,0.0,0.000829393,0.0,0.000315364,0.0,0.002912121,0.007153609,0.002048039,0.00136285,0.0,0.001262433,0.000616717,0.003082832,0.000887032,0.0,0.0,0.0,0.010419687,0.000357827,0.0,0.000359223,0.000305418,0.000485684,0.00053026,0.763357874,0,0,0,0,0,0,1,0,0,0,0,0.0,0,0,0,0,0,1,0,0,1,0,0,0,0,0,0,0,0,0,0,0
ENSG00000170919,0.033851622,0.495197439,0.0,0.0,0.151567409,0.132053759,0.201604741,0.07550077,0.013578582,0.050558552,0.189054726,0.36318408,0.298507463,0.215962123,0.0,0.005934045,0.012309189,0.015786136,0.013449019,0.002103352,0.006197432,0.027098382,0.008173818,0.016822031,0.046433096,0.03503473,0.022547075,0.003330611,0.012436521,0.011447417,0.007471386,0.017168905,0.011146685,0.004839835,0.003211331,0.002594422,0.004231025,0.003177778,0.008418521,0.048335198,0.012212936,0.010467115,0.05094318,0.059747278,0.004789398,0.030323621,0.001966432,0.007174453,0.001944306,0.030945472,0.031449333,0.003450479,0.00207359,0.004820091,0.011051614,0.012652625,0.016646504,0.46187759,0,1,0,0,0,0,0,0,0,0,1,0.0,1,0,1,0,0,1,0,1,1,1,0,0,0,1,0,0,0,1,0,0
ENSG00000282390,0.001898909,0.508182142,0.0,0.0,0.10100134,0.066386394,0.160495417,0.09349866,0.033176944,0.084115282,0.094527363,0.0,0.44278607,0.339116129,0.0,0.0,2.21e-05,0.0,0.000228042,6.12e-05,5.03e-05,0.0,0.0,0.0,0.0,0.0,0.0,0.0,0.0,0.0,0.0,0.001530561,4.73e-05,0.0,0.0,0.0,0.0,0.0,0.0,0.0,0.0,5.05e-05,0.0,0.0,0.0,1.97e-05,4.54e-05,0.0,0.0,0.0,0.0,1.28e-05,0.0,0.0,0.0,0.0,0.0,0.0,0,0,0,0,0,1,0,0,0,0,0,0.0,0,0,0,0,0,0,0,0,0,1,0,1,0,0,0,0,0,0,0,0
ENSG00000272145,0.001053937,0.508182142,0.017674865,0.114533225,0.256546856,0.240217082,0.277801295,0.233096085,0.191577699,0.18623962,0.84079602,0.845771144,0.990049751,0.216086267,0.00358957,0.000813221,0.003891768,0.002823537,0.001493129,0.000815846,0.000374261,0.000682916,0.0005532,0.000782376,0.002465595,0.003952498,0.0,0.004115532,0.000200372,0.0,0.000491348,0.001746836,0.00081816,0.000702641,0.000928389,0.00221447,0.000905488,0.002691765,0.001219826,0.004184447,0.0,0.002909008,0.000356884,0.000920278,0.000347723,0.002440485,0.000285881,0.00278558,0.000359938,0.001649774,0.0,0.001559105,0.001970672,0.000302164,0.000400466,0.000646484,0.00073377,0.576853314,0,0,0,0,0,0,1,0,0,0,0,0.0,1,0,0,0,0,0,0,0,0,0,1,0,0,0,0,0,0,0,0,0
ENSG00000267270,0.019816489,0.485414443,0.0,0.0,0.005858382,0.011231214,0.052049149,0.002181977,0.008291512,0.0,0.0,0.0,0.0,0.243520299,0.000145987,0.000448503,0.000567549,0.0,0.003360897,0.000764855,0.002476961,0.000725158,0.000417723,0.000675775,0.005265045,0.003844947,0.001380302,0.000233355,0.000631424,0.000365158,0.000525068,0.002678482,0.000995592,0.0,0.002059598,0.001066937,0.001134229,0.000294412,0.001761017,0.003590615,0.000948724,0.000688067,0.000421493,0.001451208,0.001492586,0.002270066,2.14e-05,0.0,0.000292449,0.000644291,0.0,0.00485623,0.0,0.001314095,0.0,0.001550008,0.001866651,0.80421676,0,0,0,0,1,0,0,0,0,0,0,0.0,0,1,1,0,0,0,0,1,1,1,0,0,0,0,0,0,0,0,0,0
ENSG00000267787,0.064135873,0.38829598,0.021441282,0.250152946,0.043843972,0.067390071,0.020533223,0.090864198,0.082962963,0.08691358,0.0,0.0,0.0,0.261296541,0.0,0.00060129,0.001260402,0.00242341,0.001808043,0.000285546,0.000281701,0.000267534,0.000158057,0.0,0.000273651,0.001084472,0.001129922,9.9e-05,8.92e-05,0.000417324,0.000293846,0.001430742,0.000341064,0.000770808,0.0,0.0,0.0,9.81e-05,0.001297139,0.001325765,0.000158121,0.0,2.46e-05,0.000271364,0.000275554,0.000120167,7.75e-05,0.0,0.000662028,0.0,0.002627573,0.000971246,0.0,0.000893012,0.000961711,0.001355888,0.001318509,0.723974357,0,0,0,0,0,0,1,0,0,0,0,0.0,1,0,1,0,0,0,0,1,0,0,0,0,0,0,0,0,0,0,0,0
ENSG00000245526,0.119407999,0.302383493,0.066660116,0.011715699,0.96834375,0.971523438,0.990048468,0.618181818,0.69448052,0.622727273,0.900497512,0.865671642,0.84079602,0.223174429,0.0,0.0,2.21e-05,0.0,3.8e-05,2.04e-05,6.04e-06,0.0,0.0,0.0,0.0,0.0,0.0,0.0,0.0,0.0,0.0,0.0,5.91e-06,0.0,0.0,0.0,0.0,0.001948726,0.0,0.0,0.0,0.005204335,0.0,0.0,0.0,0.0,0.000184353,0.0,0.0,0.002821212,9.97e-05,0.000984026,0.000405951,0.003692709,0.0,0.001494589,8.53e-05,0.987716121,0,0,1,0,0,0,0,0,0,0,0,0.0,0,0,0,0,0,0,0,1,1,0,0,0,0,1,0,0,0,0,0,0
ENSG00000279673,0.001026596,0.429206688,0.0,0.0,0.140065693,0.099479319,0.150677811,0.126520681,0.082116788,0.106447689,0.39800995,0.248756219,0.567164179,0.216005074,0.002902571,0.000276002,0.003486375,0.003638889,0.001656016,0.000652677,0.000225361,0.001415114,0.001710405,0.000258888,0.0,0.0,0.0,0.00345436,4.21e-05,0.000197069,0.0,0.002018566,0.001021221,0.000398513,0.000108654,0.0,0.000798562,0.000168235,0.0005326,0.0,0.000406596,5.84e-05,0.0,0.000412945,0.003874163,0.00129999,0.000109543,0.0,0.00080986,0.002128111,0.004022905,3.83e-05,0.0,0.0,0.0,0.0,0.0,0.0,0,1,0,0,0,0,0,0,0,0,0,0.0,0,0,0,0,0,0,0,0,0,0,0,0,0,0,0,0,0,0,0,0
ENSG00000255036,0.090305928,0.402881537,0.076944071,0.025481624,0.13353626,0.160564885,0.074079697,0.553432413,0.446142958,0.378485492,0.552238806,0.0,0.258706468,0.19688153,0.0,0.00053229,0.000235865,0.000241586,0.001335672,0.000407923,0.000814922,0.000302736,0.00028789,0.000622474,0.001280687,0.001174098,0.000436561,0.000608137,0.000111131,3.48e-05,0.0,0.001480652,0.000331207,0.000655449,0.000917523,0.000544982,0.000675394,0.000486013,0.000360794,0.001629587,0.00016565,0.000754482,0.0,0.0,0.0003182,0.001048731,0.000219086,0.000749742,0.00018961,0.0,1.81e-05,1.28e-05,0.000282069,0.000486429,0.0,0.00038119,0.0,0.897975193,0,0,0,0,0,0,0,1,0,0,0,0.0,0,0,0,0,0,0,0,0,1,0,0,0,0,1,0,1,0,0,0,0
ENSG00000272980,0.090921755,0.382781928,0.057227699,0.141444689,0.205286108,0.141761117,0.23817398,0.299603549,0.217859166,0.310364357,0.696517413,0.696517413,0.711442786,0.216010339,0.0,0.000182359,0.001724761,0.00033973,7.06e-05,5.61e-05,1.61e-05,2.82e-05,1.69e-05,8.95e-05,0.0,0.000699081,8.99e-05,0.000307604,1.85e-05,2.32e-05,3.85e-05,0.000188547,0.000642699,1.05e-05,0.0,0.000172706,0.000132643,0.00023366,3.44e-05,9.67e-05,0.0,0.0002205,0.0,8.26e-05,1.97e-05,3.28e-05,3.47e-05,0.00079588,1.61e-05,0.000131787,0.0,0.00028115,0.000222987,0.000126846,0.0,0.00013819,0.0,0.825554967,0,0,0,0,0,0,0,1,0,0,0,0.0,1,0,0,0,0,0,0,0,1,0,0,0,0,0,0,0,0,0,1,0
ENSG00000246695,0.013259816,0.407328353,0.042718807,0.429098547,0.162205011,0.18267426,0.127135553,0.067506297,0.083375315,0.046347607,0.144278607,0.223880597,0.0,0.215952424,0.0,0.003247953,0.0,0.0,0.003344609,0.001149833,0.000686144,0.004914178,0.003584513,0.002173901,0.000166927,0.001245799,0.000417301,0.0,0.001043954,0.002643049,0.002230336,0.01272695,0.0,0.005699783,0.001522364,0.008301383,2.71e-05,0.001369248,0.00287776,0.002927732,0.007695204,0.003153418,0.0,0.012565334,0.004061147,0.004780466,0.001359937,0.006049841,0.002227114,0.002935915,0.009459264,0.00484345,0.003137067,0.001900929,0.0,0.004525429,0.00610061,0.519745758,0,0,0,0,0,0,1,0,0,0,0,0.0,1,0,1,0,0,1,0,0,0,0,0,0,0,1,0,0,0,0,0,0
ENSG00000278238,0.000318329,0.427250089,0.0,0.0,0.011156475,0.075861511,0.035841646,0.010791367,0.037769784,0.0,0.179104478,0.0,0.0,0.215975701,0.001034792,0.001340582,0.003331589,0.002461157,0.00234014,0.000609335,0.000231398,0.0,0.002461177,0.000502548,0.00069781,0.004086937,0.003742866,0.001329416,0.000277826,0.000979551,0.0,0.002079567,0.000559897,0.002055488,0.001145697,0.002701883,0.0,0.007332255,0.002834808,0.0,0.0,0.00254505,3.69e-05,0.00309119,0.001417137,0.000364871,0.003895459,0.0,0.000925554,0.0,0.0,0.000460064,0.0,0.0,0.0,0.0,0.0,0.0,0,1,0,0,0,0,0,0,0,0,0,0.0,0,0,0,0,0,0,0,0,0,0,0,0,0,0,0,0,0,0,0,0
ENSG00000277806,0.000368455,0.153148346,0.0,0.0,0.010887836,0.057364929,0.033716768,0.0,0.0,0.0,0.0,0.0,0.0,0.218429498,0.0,0.000256288,0.00038328,0.0,0.000238901,6.88e-05,8.05e-06,0.000112646,0.000163702,2.86e-05,0.0,0.000349541,0.0,0.0,0.000149858,8.11e-05,0.000178234,0.000959374,0.0,0.0,0.0,0.0,0.0,0.0,0.0,0.0,0.0,4.52e-05,6.15e-06,0.0,0.000101693,8.52e-05,4.01e-05,0.002116579,0.0,0.001403284,0.0,0.000140575,0.0,0.0,0.0,0.0,0.0,0.0,0,0,0,0,0,1,0,0,0,0,0,0.0,0,0,0,0,0,0,0,0,0,0,0,0,0,0,0,0,0,0,0,0
ENSG00000274272,0.004166924,0.792422625,0.0,0.0,0.8732,0.95112,0.984510319,0.285518814,0.326795895,0.304903079,0.691542289,0.726368159,0.726368159,0.214596254,0.0,0.000138001,0.0,0.0,0.0,0.000293195,0.002213369,0.004555119,0.000756417,0.002933433,0.003218135,0.000618418,0.00027606,0.0,0.000330024,0.0,0.00020232,0.001319832,0.007048001,0.000267423,0.001210889,0.0,0.005987862,0.000518726,0.00156344,0.013022883,0.002718169,0.008801409,0.0,0.004648584,0.00039693,0.006176589,0.000590464,0.006995669,0.001108737,0.005078669,0.002111119,0.001648562,0.0,0.0,0.0,0.0,0.0,0.0,0,0,0,0,0,0,0,1,0,0,0,0.0,0,0,0,0,0,0,0,0,0,1,0,0,0,1,0,0,0,0,0,0
ENSG00000255248,0.057221812,0.302027748,0.076954989,0.052487555,0.020210526,0.025863158,0.140320595,0.265653581,0.339946532,0.297031096,0.0,0.0,0.0,0.218556691,0.0,0.003775315,0.0,0.0,0.000238901,4.33e-05,5.63e-05,0.004167899,0.003234529,0.003595883,8.21e-06,0.0,0.0,0.0,0.001786508,0.002938653,0.0,0.022048956,0.0,0.001069693,0.0,0.004202503,0.0,0.0,0.0005326,0.0,0.009095701,0.0,0.0,0.067616834,0.011570004,0.0,0.0,0.177625394,0.044927932,0.0,0.000525515,0.000115016,0.0,0.0282155,0.0,0.038859173,0.046751475,0.757393132,0,0,1,0,0,0,0,0,0,0,0,0.0,0,0,0,0,0,1,0,0,0,1,1,0,0,1,0,0,0,0,0,0
ENSG00000259943,0.000958894,0.344895055,0.016080962,0.719514264,0.080966883,0.160581818,0.132557849,0.040909091,0.118181818,0.038961039,0.064676617,0.084577114,0.0,0.215987339,0.0,0.002242517,0.01126254,0.004280602,0.002812512,0.001287507,0.000462795,0.002210676,0.002766002,0.000770954,0.00163096,0.008613041,0.005649609,0.017179871,0.000739187,0.001107067,0.001835331,0.006920799,0.001723064,0.0,0.002834664,0.006509082,0.0,0.006645295,0.002508376,0.002071508,0.001799563,0.001474429,0.000169212,0.003397949,0.004520404,0.001710743,0.003243544,0.004977133,0.004518503,0.004126876,0.004484996,0.004523962,0.003754569,0.001675595,0.003808162,0.00369429,0.005075979,0.561400285,0,1,0,0,0,0,0,0,0,0,0,0.0,0,0,0,0,0,0,0,0,0,0,0,0,0,0,0,0,0,0,1,0
ENSG00000269983,0.000423137,0.200462469,0.007096147,0.046920911,0.017722455,0.107627615,0.120613563,0.0,0.061366806,0.0,0.0,0.0,0.0,0.318787439,0.0,0.007728059,0.009965284,0.002295067,0.0,0.001180427,0.000100608,0.001591124,0.001541058,0.001159287,0.000930413,0.004069012,0.0,0.004967631,0.001062476,0.003106742,0.0,0.006233156,0.001403686,0.001310898,0.0,0.0,0.000461542,0.004004935,0.004011683,0.004529699,0.0,0.00529466,0.0,0.005509869,0.004333421,0.0,0.000662602,0.025877631,0.009737599,0.007682677,0.006550812,0.059335463,0.013638425,0.001378663,0.001549737,0.002803328,0.004422528,0.601993688,0,0,1,0,0,0,0,0,0,0,0,0.0,0,0,0,0,0,0,0,0,0,0,0,0,0,1,0,0,0,0,0,0
ENSG00000253738,0.006648461,0.255602988,0.064858787,0.348754747,0.048748062,0.030631783,0.021047069,0.008824509,0.0,0.0,0.114427861,0.0,0.184079602,0.215950484,0.0,0.007235198,0.011019304,0.002574401,0.0,0.000874485,0.000273653,0.002112111,0.005334432,0.000721461,0.000612978,0.005252073,0.002401084,0.007166824,0.000917669,0.00889131,0.005101353,0.006371793,0.001378057,0.002684719,0.000501016,0.007422503,0.0,0.015613171,0.004381067,0.0,0.0,0.00319061,0.0,0.010264639,0.005343787,0.000404198,0.00910009,0.00295283,0.006404962,0.004112233,0.017994346,0.00770607,0.002136483,0.011299927,0.02673896,0.028845107,0.042222707,0.478999959,0,1,0,0,0,0,0,0,0,0,0,0.0,0,0,1,0,1,0,0,1,1,0,1,0,0,1,0,0,0,0,1,0
ENSG00000188242,0.00449632,0.660618997,0.0,0.0,0.13027685,0.120937947,0.116538529,0.070601014,0.056842867,0.097393193,0.263681592,0.0,0.009950249,0.224207213,0.0,0.006210047,0.01155,0.029397998,0.013633624,0.002707588,0.002356232,0.010159253,0.006768237,0.001227816,0.006794754,0.015908582,0.015838164,0.01216274,0.001966674,0.005025271,0.004489576,0.018516465,0.012217193,0.0,0.057381413,0.0,0.008991267,0.00930902,0.034198093,0.042755935,0.0,0.011702447,0.002021319,0.022594004,0.006600184,0.005237101,0.019856686,0.016182891,0.01845966,0.02323839,0.064339301,0.04571246,0.012422479,0.016124285,0.012284428,0.014104642,0.013401031,0.876400634,0,0,0,0,0,0,1,0,0,0,0,0.0,0,0,0,0,0,0,0,0,0,1,0,0,0,0,0,0,0,0,0,0
ENSG00000272323,0.001081929,0.45962291,0.016342973,0.042420172,0.001126316,0.002231579,0.003461374,0.01215611,0.013435701,0.0,0.034825871,0.0,0.0,0.216072135,0.0,0.000867435,0.0,0.0,0.000190035,4.84e-05,2.01e-06,0.0,0.0,0.0,0.000161454,0.000430204,0.00030816,0.000123749,4.21e-05,0.000179681,0.000105977,0.000892827,0.0,0.0,0.0,0.0,0.0,0.000887909,0.000618504,0.000331441,0.0,0.00026035,0.0,0.0,0.000547828,0.000117982,0.000414126,0.0,0.0,0.0,0.0,0.00028115,4.19e-05,0.00037163,0.0,0.00065224,0.000562837,0.667903631,0,0,0,0,0,0,1,0,0,0,0,0.0,0,0,0,0,0,0,0,0,0,0,1,0,0,0,0,0,0,0,0,0
ENSG00000228274,0.009223088,0.483457844,0.035917423,0.243436232,0.000755319,0.001265957,0.014330766,0.105278855,0.089173874,0.092752759,0.089552239,0.0,0.0,0.219736065,0.005066617,0.000650576,0.001304627,0.002514004,0.003643234,0.000693469,0.000535233,0.002597896,0.001879752,0.000666257,0.00278303,0.008666816,0.005585409,0.002994721,0.000915985,0.002532922,0.002172531,0.007375531,0.000392322,0.001976834,0.000779895,0.0,0.001384625,0.00011683,0.000876213,0.001367196,0.002966644,0.000124862,0.0,0.006630721,0.001814066,0.002453594,7.48e-05,0.002831718,0.001606865,0.0,0.0,0.000421725,0.0,0.001090489,0.001052825,0.00314839,0.005317897,0.399787967,0,0,0,0,0,0,1,0,0,0,0,0.0,1,0,0,0,0,1,0,0,1,0,0,0,0,0,0,0,0,0,0,0
ENSG00000261638,0.021052049,0.336535041,0.0052839,0.082571603,0.217577778,0.028266667,0.014406226,0.200364299,0.094717668,0.0,0.039800995,0.0,0.0,0.247386519,0.0,0.0,0.0,0.0,0.0,4.33e-05,5.03e-05,0.0,0.0,0.0,0.0,0.0,0.0,0.0,0.0,0.0,0.0,0.0,0.0,0.0,0.0,0.0,0.0,0.0,0.0,0.0,0.0,0.0,0.0,0.0,0.0,0.0,0.0,0.0,0.0,0.0,0.0,0.0,0.0,0.000229293,0.0,8.09e-05,0.0,1.0,1,0,0,0,0,0,0,0,0,0,0,0.0,0,0,0,0,0,1,0,1,0,0,0,0,0,0,0,0,0,0,0,0
ENSG00000185904,0.012841236,0.398968339,0.024771013,0.60757436,0.064884936,0.055651779,0.208704137,0.007718696,0.0,0.0,0.0,0.0,0.0,0.237798283,0.0,0.0,0.000405392,0.000505821,0.0,0.0,0.0,0.002619017,0.002449887,0.001263984,0.000114933,0.000134439,5.14e-05,0.0,0.000530396,0.001165028,0.000939343,0.015388796,0.000356836,0.0,0.0,0.0,0.0,5.61e-05,0.000111674,0.0,0.00269558,2.13e-05,0.0,0.003279965,0.00993964,0.027275746,8.02e-06,0.015686908,0.004585991,0.009993826,0.010818353,2.56e-05,0.0,0.001613783,0.0,0.001463643,0.000595353,0.868769912,0,0,0,1,0,0,0,0,0,0,0,0.0,0,0,0,1,0,0,0,1,0,0,0,0,0,0,0,1,0,0,0,0
ENSG00000260966,0.003284195,0.238349342,0.05507702,0.204644504,0.034851526,0.118491784,0.076977884,0.027190923,0.0614241,0.008411581,0.0,0.0,0.0,0.217687955,0.0,0.000478075,0.0,0.000120793,0.000347492,0.000135124,5.23e-05,0.000253453,0.000197572,0.000302671,0.000265441,0.000457092,8.99e-05,0.000222748,0.00031487,0.0,0.000496166,0.000626643,0.000240519,7.87e-05,3.02e-05,0.000264815,0.000105573,0.000219641,0.000154626,0.000814793,1.51e-05,0.000589771,0.0,0.000424744,0.00024275,0.000338653,3.47e-05,0.000934294,0.000263526,0.000851733,0.000253697,0.000421725,0.000587009,0.001332791,0.000891487,0.001777525,0.001899833,0.767705582,0,0,1,0,0,0,0,0,0,0,0,0.0,0,0,0,0,0,0,0,1,1,0,1,0,0,1,0,1,0,0,1,0
ENSG00000271155,0.000868408,0.72945571,0.014563478,0.047352046,0.456465382,0.527830835,0.447763346,0.457530336,0.54318344,0.438972163,0.393034826,0.92039801,0.796019901,0.218947691,0.0,0.0,0.0,0.001917589,0.000271478,9.18e-05,0.00010262,0.000908208,0.000485462,0.000239852,0.002985532,0.001801479,0.001309682,8.84e-05,2.69e-05,0.0,0.000163783,0.001325377,0.001819666,0.0,0.000417714,0.0,0.000178661,4.21e-05,0.000343613,0.000538592,0.001219788,1.59e-05,7.49e-05,0.000884883,0.000393649,0.000703524,1.87e-05,0.0,7.39e-05,0.0,0.001223181,0.000230032,0.0,0.000150258,3.31e-05,0.000258751,0.000365835,0.675727953,0,0,0,0,0,0,1,0,0,0,0,0.0,0,0,0,0,0,0,0,0,0,0,0,0,0,1,0,0,0,0,0,0
ENSG00000270055,0.001486188,0.339203131,0.024923853,0.0,0.13213617,0.10434383,0.184917382,0.111489362,0.0,0.068085106,0.0,0.0,0.0,0.233064159,0.0,0.0037556,0.013127345,0.006145344,0.000635258,0.00021416,0.00015896,0.005252116,0.001529768,0.004088913,0.003768174,0.00639032,0.001425242,0.00311847,0.001062476,0.00034777,0.0,0.001281013,0.004004053,0.004325963,0.0,0.017953707,0.002235974,0.003635752,0.003479083,0.028752538,0.001061667,0.005555009,0.001744426,0.005568862,0.000314919,0.001162344,0.000443516,0.016609667,0.001860749,0.005066467,0.002310452,0.014223642,0.019171174,0.002616663,0.001518482,0.007077746,0.010423375,0.442954444,1,0,0,0,0,0,0,0,0,0,0,0.0,1,0,0,0,0,0,0,0,0,0,0,0,0,0,0,0,0,0,0,0
ENSG00000279693,0.001868313,0.635538954,0.0,0.0,0.085260129,0.101395642,0.070851356,0.083077971,0.070820565,0.045284304,0.611940299,0.746268657,0.467661692,0.237681066,0.0,0.0,0.0,0.0,1.09e-05,0.0,2.01e-06,0.0,0.0,0.0,1.64e-05,0.0,0.0,0.0,0.0,0.0,0.0,0.000116456,3.94e-05,0.0,0.0,0.0,9.47e-06,0.0,0.0,2.76e-05,0.0,2.66e-05,0.0,0.0,0.0,0.0,0.0,0.0,0.0,0.0,0.0,0.0,0.0,0.0,0.0,0.0,0.0,0.0,0,0,0,0,0,0,0,1,0,0,0,0.0,1,0,0,0,0,0,0,0,0,0,1,0,0,0,0,0,0,0,0,0
ENSG00000224189,0.010217785,0.467805052,0.052216727,0.0,0.340215278,0.596791667,0.915801543,0.397192403,0.43971924,0.379851362,0.228855721,0.626865672,0.597014925,0.215974315,0.0,0.001897515,0.0,0.0,3.26e-05,7.65e-06,0.0,0.016734958,0.012328466,0.003453114,0.027359624,0.096858615,0.091286121,0.0,0.0,0.0,0.0,0.008401451,0.0,0.0,0.0,0.0,0.0,0.001121569,0.001683704,0.0,0.0,0.00046491,0.0,0.0,0.000357565,8.96e-05,0.000363362,0.0,0.000286022,0.007218983,0.057571035,0.000242812,0.0,0.00699517,0.0,0.006342069,0.007547043,0.86884777,0,0,0,1,0,0,0,0,0,0,1,0.0,0,0,0,0,0,0,0,0,0,1,0,0,0,0,0,0,0,0,0,0
ENSG00000236255,0.004982603,0.480967627,0.043559428,0.355029405,0.020170436,0.041733845,0.200104669,0.001727116,0.0,0.0,0.0,0.0,0.0,0.21638028,0.001541454,0.001813728,0.006788481,0.004250404,0.001053335,0.000349284,0.000492978,0.000711077,0.000203216,0.001292538,0.010379581,0.011696168,0.002125023,0.0,0.001217385,0.000179681,0.001238005,0.003876313,0.004471291,0.0,0.000476871,0.000782932,0.002298235,0.000457974,0.000987888,0.006173095,0.00033883,0.000581802,0.0,0.0,0.000219787,0.002101832,2.94e-05,0.00159176,0.0,0.000602802,0.0,0.001853035,0.0,0.000630905,0.000606348,0.001201548,0.001350999,0.632518129,0,0,1,0,0,0,0,0,0,0,0,0.0,1,0,0,0,0,1,0,0,1,0,0,0,0,0,0,1,0,0,1,0
ENSG00000272994,0.002200964,0.357524013,0.036910883,0.337277106,0.017339327,0.080384571,0.073710512,0.002320186,0.014791183,0.033932715,0.243781095,0.12437811,0.189054726,0.215980966,0.0,0.001789085,0.003773835,0.001457066,0.001341101,0.000655226,0.000171033,0.000704037,0.00059836,0.001477186,0.003762701,0.007716782,0.001572902,0.002825009,0.000560704,0.000312993,0.000722571,0.001963111,0.000822103,0.000566308,0.00063623,0.002153063,0.001203257,0.003364706,0.001554849,0.003024402,0.000112943,0.004606593,0.0,0.001899548,0.000728251,0.00212368,0.000379393,0.003281563,0.000588112,0.0069066,0.001241302,0.003348243,0.004029015,0.000265102,0.000188194,0.000581002,0.000676815,0.564514127,0,0,0,0,0,0,1,0,0,0,0,0.0,1,0,0,0,0,0,1,0,1,0,1,0,0,0,0,0,0,0,1,0
ENSG00000235423,0.0061101,0.44414799,0.018428149,0.015235307,0.417229833,0.447210046,0.375343228,0.173043975,0.185037122,0.150199886,0.432835821,0.273631841,0.427860697,0.21895545,0.000403612,0.002907879,0.001194065,0.001487264,0.002541034,0.000599137,0.00110266,0.005505569,0.005102991,0.000930856,0.001439404,0.005942191,0.004423387,0.00031114,0.00062974,0.002915469,0.001758257,0.003693311,0.000256291,0.001830013,0.000347693,0.00124348,0.000132643,0.004715262,0.00366807,0.001256715,0.002605226,0.000711976,0.0,0.007008271,0.002598084,0.000784363,0.001608413,0.0,0.001028393,0.008068275,0.025469339,0.001648562,0.000537456,0.000779743,0.0,0.001594321,0.001975985,0.599315809,0,0,0,0,0,0,0,1,0,0,0,0.0,1,0,1,0,1,0,0,0,0,0,0,0,0,0,0,0,0,0,0,0
ENSG00000265688,0.00185985,0.791533262,0.019945633,0.168367637,0.005588097,0.033467502,0.055057806,0.0,0.0,0.0,0.253731343,0.417910448,0.417910448,0.215980412,0.0,0.003178953,0.000633886,0.002136526,0.004517394,0.000670523,0.000412491,0.001802335,0.00117414,0.000171323,0.001075448,0.002939727,0.002664304,0.000636422,0.000165012,0.001008532,0.0,0.006748888,0.000565812,0.0,0.00020765,0.0,0.000468309,0.000261699,0.017833519,0.018864537,0.005353513,0.000140801,0.0,0.006241372,0.001377772,0.000847724,0.000641228,0.002906692,0.004528144,0.0,0.011724413,0.011271565,0.002048813,0.00110401,0.0,0.001132845,0.001065369,0.840549578,0,1,0,0,0,0,0,0,0,0,0,0.0,1,0,0,0,0,0,0,0,0,0,0,0,0,0,0,0,0,0,0,0
ENSG00000272086,0.000477819,0.559409463,0.008013188,0.030887133,0.048963795,0.114325843,0.094502728,0.049937578,0.058676654,0.0,0.064676617,0.0,0.149253731,0.215982074,0.00415205,0.001774299,0.001253031,0.001426867,0.008985921,0.002414394,0.000903457,0.002633098,0.002066034,0.000453055,0.000985143,0.0,0.002722084,0.003065435,0.000188585,0.000741909,0.000500983,0.001203376,0.000508639,0.0,0.005272136,0.0,0.001524035,0.002995523,0.002860579,0.003300603,0.002424516,0.001732122,0.000232795,0.002855221,0.001256397,0.000428232,0.002487429,0.0,0.000600967,0.0,0.003415845,0.000728435,0.0,0.000791256,0.002701078,0.002000502,0.00286072,0.484782935,0,1,0,0,0,0,0,0,0,0,0,0.0,0,0,0,0,0,0,0,0,0,0,0,0,0,0,0,0,0,0,0,0
ENSG00000251216,0.043346819,0.281572394,0.021015513,0.053197159,0.438967532,0.469123377,0.611776842,0.307344064,0.19416499,0.32193159,0.726368159,0.60199005,0.845771144,0.284061016,0.0,0.0,0.0,0.0,0.0,0.0,0.0,0.0,0.0,0.0,0.0,0.0,0.0,0.0,0.0,0.0,0.0,0.005063052,0.0,0.0,0.0,0.0,0.0,0.0,0.0,0.0,0.0,0.0,0.0,0.0,0.000692166,0.000126722,0.0,0.0,0.0,0.0,0.0,0.0,0.0,3.23e-05,0.0,3.81e-05,0.0,0.804503398,0,0,1,0,0,0,0,0,0,0,0,0.0,1,0,0,0,0,1,0,0,0,0,0,0,0,1,0,0,0,0,0,0
ENSG00000275632,0.000296847,0.348808253,0.0,0.0,0.083372849,0.068862333,0.068764058,0.0,0.0,0.0,0.0,0.0,0.0,0.216347858,0.0,0.001242009,0.002218602,0.0,0.0,0.000244754,0.000219325,7.74e-05,0.000129833,0.000333128,0.0,0.00111136,0.0,0.000735422,0.00018185,0.0,0.0,0.000610006,0.000615098,0.0,0.000466005,0.0,0.000667273,0.000696307,0.001219826,0.0,0.0,0.002510514,0.0,0.000141581,9.84e-05,0.000404198,0.000152292,0.0026587,0.0,0.0,0.0,0.002351438,0.000876701,0.0,0.0,0.0,0.0,0.0,0,0,1,0,0,0,0,0,0,0,0,0.0,1,0,0,0,0,0,0,0,0,0,0,0,0,0,0,0,0,0,0,0
ENSG00000093100,0.015479008,0.58075418,0.0,0.0,0.136633501,0.164876574,0.184975497,0.219986121,0.167938931,0.204024983,0.0,0.0,0.0,0.274989865,0.00261489,0.002755092,0.003832801,0.010078666,0.005027772,0.000815846,0.002996096,0.009180642,0.005046542,0.010614422,0.006403433,0.003701546,0.001958103,0.001311737,0.008447607,0.005442595,0.003998227,0.006504886,0.010553273,0.002784347,0.002666853,0.000790608,0.003015587,0.002808595,0.011571171,0.166038309,0.008658987,0.00595616,0.010666533,0.014417688,0.004766435,0.050323796,0.001041995,0.021765585,0.002095351,0.031345713,0.032029211,0.004383387,0.004980046,0.002806683,0.01095839,0.008630671,0.012355561,0.355284252,0,0,0,0,0,0,0,1,0,0,0,0.0,0,0,0,0,0,0,0,0,0,0,0,0,0,1,0,0,0,0,0,0
ENSG00000170161,0.001684737,0.482924226,0.026998111,0.084228884,0.240044809,0.222900177,0.223591053,0.044505711,0.0,0.0,0.0,0.0,0.0,0.623101494,0.0,0.005869973,0.008697511,0.004091863,0.003149145,0.000540498,0.00028975,0.0,0.000457237,0.000565366,0.0,2.69e-05,0.0,0.0,0.000153225,0.000173885,0.001026051,0.003959496,0.001072479,0.0,0.000601219,0.001895924,0.0,0.001976765,0.001554849,0.001532916,0.0,0.002991363,0.0,0.0,0.0,0.000788733,0.001397342,0.000743975,0.000437067,0.002340434,0.00242824,0.00115016,0.0,0.000423343,0.0,0.00123801,0.001828253,0.390971261,1,0,0,0,0,0,0,0,0,0,0,0.0,0,0,1,0,0,1,0,1,1,1,1,0,0,1,0,0,0,0,0,0
ENSG00000269893,0.000681576,0.440946282,0.009334163,0.0,0.048582915,0.098241206,0.077790453,0.17155266,0.163952226,0.15092291,0.094527363,0.0,0.0,0.216008123,0.19358343,0.161180303,0.462751804,0.311185432,0.207729521,0.057060763,0.018262304,0.11757417,0.095822208,0.015731274,0.037397141,0.214187766,0.229027433,0.213947552,0.076621159,0.314395345,0.242364831,0.218931269,0.047451285,0.0,0.051696392,0.143023269,0.0536945,0.127008309,0.276075938,0.0,0.736578571,0.055170197,0.030003918,0.346921198,0.45432686,0.181972314,0.106670906,0.138927177,0.173910948,0.087899295,0.093224485,0.217329073,0.054330715,0.059647155,0.191549124,0.155849752,0.188928285,0.464746867,0,0,0,1,0,0,0,0,0,0,1,0.0,0,0,0,0,0,0,0,0,0,0,0,0,0,0,0,0,0,0,0,0
ENSG00000247728,0.005668736,0.358769121,0.009847269,0.108279462,0.037242382,0.056270083,0.031228313,0.019628099,0.0,0.0,0.07960199,0.0,0.0,0.216303243,0.000888805,0.000847721,0.005196394,0.003065123,0.000749279,0.000313591,8.05e-05,0.00056323,0.000378208,0.000502548,0.00075254,0.001783554,0.000873121,0.000901598,0.000143123,0.0,0.0,0.00206293,0.001050793,0.000592526,0.000557757,0.001519809,0.000450714,0.000626209,0.000541191,0.000731933,0.0,0.000547265,0.0,0.000401147,0.00048222,0.000799657,0.000235117,0.002624097,0.000350296,0.00133251,0.0,3.83e-05,0.0,0.000340513,0.000429237,0.000682362,0.000803304,0.608966858,0,0,0,0,0,0,1,0,0,0,0,0.0,0,1,0,0,0,0,0,0,1,0,0,0,0,0,0,0,0,0,0,0
ENSG00000214548,0.05309004,0.545001779,0.0,0.0,0.495676471,0.534967647,0.568194828,0.140346425,0.161728317,0.155954571,0.492537313,0.467661692,0.597014925,0.221386524,4.72e-05,0.017235346,0.001982738,0.003314258,0.0,2.04e-05,5.63e-05,0.401709402,0.0,0.503128551,0.000194292,0.0,1.93e-05,2.83e-05,0.015081765,0.0,0.003068519,0.0,0.00452255,0.0,0.0,0.0,0.0,3.74e-05,0.0299287,0.725359407,0.078013704,0.0,1.0,0.828710313,0.0,0.0,0.0,0.0,0.0,0.0,0.0,0.0,0.0,0.046568536,0.0,0.028099917,0.011431829,0.940663428,0,0,0,1,0,0,0,0,0,1,1,0.0,1,1,0,0,0,0,0,1,1,1,1,0,0,1,0,0,0,0,0,0
ENSG00000257621,0.021288355,0.311810744,0.080142796,0.344105926,0.253206704,0.20573743,0.230468764,0.047573996,0.039870253,0.056629274,0.60199005,0.706467662,0.776119403,0.21594993,0.007166258,0.015894764,0.039315698,0.027004786,0.009403997,0.003905862,0.001800877,0.020290345,0.012813927,0.015967319,0.014656746,0.025364105,0.010329796,0.011402569,0.006795803,0.004851386,0.009826968,0.01727427,0.010985025,0.016344273,0.009253704,0.026853803,0.005542562,0.042217715,0.024095868,0.065390617,0.010277841,0.054636215,0.0,0.024646932,0.01097625,0.035683073,0.010981025,0.039292244,0.009480501,0.037720285,0.017695346,0.016728435,0.012138504,0.01192463,0.015371398,0.033097198,0.047757598,0.426220007,0,0,0,0,0,0,0,1,0,0,0,0.0,1,0,0,0,0,0,0,1,1,0,0,0,0,1,1,0,0,0,1,0
ENSG00000271997,0.002458101,0.374066169,0.041223157,0.339480127,0.044155087,0.122444184,0.137023482,0.014832162,0.020556857,0.012750455,0.0,0.0,0.0,0.217548015,0.0,0.000369646,0.000324314,0.000158541,0.00036921,0.000188664,0.000191155,0.000302736,0.0,0.000382622,0.000418686,0.000609456,7.06e-05,0.000463174,9.09e-05,0.0,6.74e-05,0.000499096,0.000199118,0.0,0.0,0.0,0.000480491,0.00058415,0.000163216,0.0,1.51e-05,0.002223598,0.0,0.0,4.59e-05,0.000786548,1.34e-05,0.001666734,0.0,0.001664417,0.000199333,7.67e-05,0.0,0.000382786,0.0,0.000604364,0.000760279,0.709639573,0,0,1,0,0,0,0,0,0,0,0,0.0,1,0,0,0,1,1,0,1,1,0,1,0,0,0,0,0,0,0,0,0
ENSG00000269416,0.010920193,0.426360726,0.035240559,0.149711134,0.112436464,0.022994475,0.070723069,0.0,0.0,0.0,0.0,0.0,0.0,0.216966364,0.0,0.0,0.001039279,0.003201015,0.08753536,0.017043528,0.007251801,1.41e-05,0.0,0.0,0.0,0.0,0.0,0.0,0.0,0.0,0.0,0.002989031,0.000291777,0.0,0.0,0.0,0.0,0.0,2.58e-05,2.76e-05,0.0,0.0,0.0,0.0,0.001180947,0.000664196,1.6e-05,0.001920493,0.001250141,0.0,0.0,0.0,0.0,0.000337499,0.0,0.000160386,9.79e-06,0.971023865,1,0,0,0,0,0,0,0,0,0,0,0.0,1,0,1,1,0,0,0,1,0,0,0,0,1,0,0,0,0,0,0,0
ENSG00000203506,0.075833336,0.266808965,0.011899693,0.160864884,0.052833333,0.044,0.044162602,0.010452962,0.017421603,0.0,0.019900498,0.0,0.0,0.30890907,0.0,0.0,0.0,0.0,0.0,0.0,0.0,0.0,0.0,0.0,0.0,0.0,0.0,0.0,0.0,0.0,0.0,0.00129765,0.0,0.0,0.0,0.0,0.0,0.0,0.0,0.0,0.0,0.0,0.0,0.0,0.000410051,0.000616129,0.0,0.0,0.0,0.0,0.0,0.0,0.0,0.000170395,0.0,0.000169484,0.0,0.84800202,0,0,0,0,1,0,0,0,0,0,0,0.0,1,0,0,0,0,0,0,1,0,0,1,0,0,1,0,0,0,0,0,0
ENSG00000260766,0.001154839,0.271789399,0.019367024,0.102743818,0.060322651,0.084925041,0.101959638,0.018468224,0.0,0.0,0.0,0.0,0.0,0.216192123,0.002189809,0.002025658,0.003958105,0.002106328,0.001460552,0.000504805,0.000189142,0.001633366,0.001320907,0.000287442,0.00075254,0.004337889,0.001553642,0.002411334,0.000459676,0.000365158,0.000722571,0.006743343,0.000512582,0.000314615,0.000175054,0.000756067,0.000835106,0.00429,0.000953526,0.000718123,0.000286123,0.000924507,0.0,0.00195854,0.002099462,0.00091764,0.001009934,0.004700305,0.001478315,0.003467943,0.001549362,0.002926518,0.002624387,0.000719825,0.00147005,0.002205063,0.003487552,0.358057885,0,0,1,0,0,0,0,0,0,0,0,0.0,1,0,0,0,0,0,0,1,0,1,1,0,0,0,0,0,0,0,0,0
ENSG00000231064,0.006785818,0.607079331,0.022008974,0.036134982,0.494223913,0.56743913,0.602956196,0.391286645,0.422638437,0.421416938,0.353233831,0.437810945,0.532338309,0.218234691,0.0,0.001591941,0.0,0.0,0.026583124,0.005438122,0.015075053,0.001999465,0.000615294,0.002389006,9.58e-05,0.0,0.0,0.0,0.000542182,0.000168089,0.0,0.005623149,0.000343036,0.004719232,0.01759592,0.00682379,0.0,0.00156085,0.005351774,0.052519645,0.000647542,0.003862737,0.001716736,0.004011468,0.000593754,0.010135548,0.000422142,0.002347269,0.00035351,0.001303224,0.0,0.000115016,0.000213458,0.002614956,0.0,0.004090777,0.005074803,0.713068975,0,0,0,0,0,0,1,0,0,0,0,0.0,0,0,0,0,0,0,0,0,1,0,1,0,0,0,0,0,0,0,0,0
ENSG00000269793,0.070887188,0.375667022,0.032041835,0.609099615,0.246913491,0.285972777,0.24896557,0.00868984,0.0,0.00868984,0.0,0.0,0.0,0.236838656,0.0,0.0,0.0,0.0,0.0,0.0,0.0,0.0,0.0,0.0,0.0,0.0,0.0,0.0,0.0,0.0,0.0,0.0,0.0,0.0,0.0,0.0,0.0,0.0,0.0,0.0,0.0,0.0,0.0,0.0,1.64e-05,0.0,0.0,0.0,0.0,0.0,0.0,0.0,0.0,0.000548152,0.0,0.00050305,5.68e-05,0.866222763,0,0,0,0,0,0,1,0,0,0,0,0.0,1,0,1,0,1,0,0,1,1,0,1,0,0,0,0,0,0,0,0,1
ENSG00000260391,0.001607921,0.257915333,0.02696536,0.031232758,0.440725266,0.481580607,0.385513069,0.441860465,0.434765471,0.345289712,0.134328358,0.194029851,0.0,0.394341386,0.0,0.0,0.0,0.0,3.26e-05,5.1e-06,0.0,0.0,3.95e-05,5.71e-05,0.0,0.0,0.0,0.0,0.0,0.0,0.0,0.000998192,0.0,0.0,0.0,0.0,0.0,0.0,0.0,0.0,0.0,0.0,0.0,0.0,0.000147618,0.000115797,0.0,0.0,0.0,0.0,0.0,0.0,0.0,0.001820908,0.0,0.001270662,0.000929038,0.918304019,0,0,0,0,0,0,0,1,0,0,0,0.0,0,0,0,0,0,0,0,0,0,0,0,0,0,1,0,0,0,0,0,0
ENSG00000258056,0.001094298,0.638740662,0.013166083,0.055220569,0.015852941,0.05514958,0.05577036,0.027064539,0.046495489,0.0,0.273631841,0.626865672,0.0,0.216115918,0.0,0.002814236,0.002078558,0.0,0.002052374,0.001093743,0.000527184,0.001541841,0.001998295,0.000426404,0.000448788,0.001541564,0.001322522,0.001513271,0.000165012,0.001066494,0.000929708,0.006133336,0.00096602,0.0,0.000836636,0.001730894,0.000510268,0.002252484,0.00736191,0.005068291,0.002853701,0.000765109,0.000237923,0.005639652,0.002112584,0.001171083,0.001624444,0.002018536,0.002828082,0.0,0.016444984,0.004664537,0.002104084,0.00094811,0.003619206,0.003161264,0.00561463,0.293886831,0,0,0,0,0,0,1,0,0,0,0,0.0,0,0,0,0,0,0,0,1,1,1,0,0,0,0,0,0,0,0,0,0
ENSG00000269696,0.014177047,0.342049093,0.021583205,0.516506573,0.001443787,0.009426036,0.007477306,0.004405286,0.0,0.0,0.0,0.0,0.0,0.223836165,0.0,0.000138001,0.0,0.0,0.00024976,8.67e-05,8.85e-05,0.000260494,0.000146767,9.71e-05,0.0,0.0,0.0,0.0,5.56e-05,0.000173885,0.00013488,0.000915009,0.0,0.0,0.0,0.0,0.0,0.0,0.000146036,0.0,0.000120473,0.0,0.0,0.00022417,0.000223068,0.000292771,0.0,0.0,0.0,0.000163513,0.000326182,1.28e-05,0.0,0.000172223,4.72e-05,0.000308538,0.000370031,0.65927686,0,0,0,0,1,0,0,0,0,0,0,0.0,0,0,0,0,1,1,0,0,0,0,1,0,0,0,0,0,0,0,1,0
ENSG00000249846,0.005183104,0.429028815,0.020808087,0.205801563,0.099054534,0.092123522,0.1580901,0.050228311,0.0,0.062912227,0.0,0.0,0.0,0.224461044,0.000541012,3.94e-05,0.000427505,0.0,0.001960071,0.000479309,0.000529196,0.00018305,0.0,0.000213202,0.00039953,0.00055568,0.000365941,0.000601066,8.92e-05,0.0,0.000125246,0.000898373,0.000242491,0.0,0.0,0.0,0.000732241,0.000953333,0.0,0.0,0.0,0.002186405,0.000180493,0.000743301,0.000314919,0.001616794,0.000232445,0.001049639,0.0,0.0,0.000190273,0.0,0.0,0.000367852,0.0,0.000501328,0.000372895,0.760797689,0,0,0,0,0,1,0,0,0,0,0,0.0,1,0,0,0,0,0,0,0,1,1,1,0,0,0,0,0,0,0,0,0
ENSG00000257815,0.220851547,0.316435432,0.015524187,0.0,0.123670068,0.071836735,0.011337868,0.046464646,0.043097643,0.0,0.60199005,0.616915423,0.467661692,0.216047195,0.026698498,0.007910418,0.01613462,0.030092558,0.023846626,0.003617766,0.00223349,0.016565989,0.011272869,0.004366837,0.008272469,0.015675555,0.014849483,0.013813903,0.001505314,0.0,0.001580022,0.008967093,0.005240164,0.012201836,0.009309238,0.008063433,0.009483939,0.00501902,0.024499613,0.030216404,0.005865522,0.0050901,0.0,0.008848827,0.003759349,0.010775711,0.00200918,0.004094744,0.0,0.007336127,0.004140693,0.001175719,0.0,0.001460912,0.002290814,0.00326546,0.004089038,0.554187083,0,0,0,0,0,0,1,0,0,0,0,0.0,0,0,0,0,0,0,0,0,0,0,1,0,0,0,0,0,0,0,0,0
ENSG00000279930,0.001363153,0.840981857,0.0,0.0,0.068076354,0.091580287,0.122180192,0.069875058,0.067098565,0.124016659,0.0,0.0,0.0,0.217999979,0.0,0.0,0.0,0.0,0.0,2.55e-06,0.0,0.0,0.0,0.0,0.0,0.0,0.0,0.0,0.0,0.0,0.0,2.22e-05,0.0,0.0,0.0,0.0,0.0,1.4e-05,0.0,0.0,0.0,7.17e-05,0.0,0.0,0.0,0.0,1.34e-05,0.0,0.0,0.0,0.0,0.0,0.0,0.0,0.0,0.0,0.0,0.0,0,0,0,0,0,0,1,0,0,0,0,0.0,0,0,0,0,0,0,0,1,0,0,0,0,0,1,0,0,0,0,0,0
ENSG00000272661,0.000329396,0.539843472,0.005524078,0.433285135,0.198293194,0.296251309,0.211084589,0.205933682,0.282722513,0.205933682,0.462686567,0.472636816,0.452736318,0.226339564,0.0,0.000828006,0.002373389,0.000807803,0.001058764,0.000693469,0.000877299,0.001246145,0.000502396,0.001469572,0.001280687,0.001846292,0.000423721,0.003525073,0.000683621,0.0,0.001305445,0.003327307,0.003517101,0.000136333,0.003056801,0.001592729,0.007851624,0.001364575,0.0,0.003714905,0.001054137,0.012701339,0.001700328,0.002843423,0.001305603,0.017520363,0.0,0.019389479,0.0,0.007809583,0.000199333,0.000511182,0.0,0.000857727,0.000405702,0.001704074,0.002438906,0.613038548,0,0,0,0,0,0,1,0,0,0,0,0.0,0,0,0,0,0,0,0,0,0,0,1,0,0,0,0,0,0,0,0,0
ENSG00000273270,0.004547748,0.549982213,0.076267208,0.316333285,0.083023961,0.113824472,0.125343458,0.047497519,0.035020559,0.024528569,0.154228856,0.139303483,0.248756219,0.220774114,0.000339206,0.000266145,0.000169528,0.00017364,0.000347492,0.00010708,0.000116705,0.000528028,0.000496751,0.000159902,0.000112197,0.00027784,0.00020544,0.000233355,0.000104395,0.000173885,0.000226406,0.003837494,7.1e-05,0.000246449,0.000205235,0.0,9.47e-05,0.001532811,0.000360794,0.000510972,0.000783074,0.000435687,5.74e-05,0.000991069,0.001210471,0.000550584,0.000617182,0.000507518,0.000392075,0.000722386,0.002482604,0.000715655,0.000337339,0.000419613,0.000897949,0.001015194,0.001426029,0.510576771,0,0,0,1,0,0,0,0,0,0,0,0.0,1,0,0,0,0,0,0,0,0,0,1,0,0,1,0,0,0,0,1,0
ENSG00000279010,0.035458892,0.578619708,0.0,0.0,0.113100281,0.149746411,0.174216773,0.097438436,0.109026899,0.08845371,0.0,0.0,0.0,0.214769447,3.01e-05,3.45e-05,8.84e-05,8.3e-05,9.23e-05,2.04e-05,5.23e-05,5.63e-05,3.39e-05,4.76e-05,9.3e-05,9.86e-05,1.28e-05,3.89e-05,0.000122917,0.000202866,0.000139697,7.21e-05,0.000102516,0.0,5.31e-05,4.99e-05,6.23e-05,6.08e-05,1.72e-05,0.0,1.51e-05,5.58e-05,1.95e-05,5.9e-05,1.31e-05,4.15e-05,5.34e-06,0.000219155,0.0,0.000241609,0.000126848,1.28e-05,2.29e-05,0.0,0.0,0.0,0.0,0.0,0,0,0,0,0,0,0,1,0,0,0,0.0,1,1,0,0,1,0,0,1,1,1,1,0,0,1,0,0,0,0,1,1
ENSG00000272831,0.000318329,0.507114906,0.005338486,0.455403884,0.036843525,0.055163669,0.151559653,0.032374101,0.0,0.0,0.0,0.0,0.0,0.232082363,0.003267539,0.006170619,0.0,0.002189373,0.002524745,0.001065699,0.000295787,0.004139737,0.005283628,0.000428308,0.000451524,0.006542684,0.003999666,0.003206862,0.000139755,0.001814198,0.001676365,0.022775418,0.000471181,0.0,0.000627779,0.0,0.000843227,0.004014281,0.014878447,0.003728715,0.005617047,0.000924507,0.0,0.008837028,0.012793597,0.001702003,0.007398165,0.001372604,0.00427426,0.000688219,0.0,0.005265176,0.0,0.002399191,0.004994218,0.00678078,0.00962818,0.414201543,0,0,0,0,0,0,1,0,0,0,0,0.0,1,0,0,0,0,0,0,0,0,0,1,0,0,0,0,0,0,0,0,0
ENSG00000260879,0.000975168,0.625222341,0.01635389,0.069600585,0.09116869,0.100408307,0.098111719,0.099041534,0.069648562,0.095846645,0.298507463,0.154228856,0.154228856,0.216204593,0.0,0.000261216,0.000302202,0.000150991,0.000103162,6.12e-05,1.81e-05,0.000295696,0.000462882,0.000102794,0.0,0.0,8.35e-05,0.000120213,3.37e-05,0.000185477,0.000139697,0.001159012,6.51e-05,0.0,0.000263184,0.000391466,0.0,0.001355229,0.000635684,0.0,0.0,0.003528002,0.0,0.000660712,0.000426453,8.96e-05,0.004071796,0.0,0.0,0.000532028,0.000552696,5.11e-05,0.0,0.000232508,5.95e-05,0.000528451,0.00062115,0.545279025,0,0,0,0,0,0,1,0,0,0,0,0.0,1,0,0,0,0,0,0,1,0,1,1,0,0,0,0,0,0,0,1,0
ENSG00000271966,0.000680274,0.378512985,0.011408421,0.0,0.08043705,0.185369604,0.10699313,0.039568345,0.133093525,0.066546763,0.39800995,0.44278607,0.577114428,0.216031123,0.000218981,0.000251359,0.0009582,0.000483172,0.000635258,0.000282996,0.000185118,0.00057027,0.000429013,0.000812833,0.000301016,0.000618418,0.00021828,0.000449031,0.0,0.0,0.0,0.001048102,0.000252348,5.77e-05,0.000124349,0.000222598,0.00027882,0.00201415,0.000377974,0.000483352,9.79e-05,0.002672568,0.0,0.0,0.000246031,0.000819321,0.000352675,0.001176518,0.000324587,0.000807804,0.000616121,0.0,0.0,0.000112162,0.0,0.000135774,8.78e-05,0.796877426,0,1,0,0,0,0,0,0,0,0,0,0.0,0,0,0,0,0,0,0,0,0,0,0,0,0,0,0,0,0,0,0,0
ENSG00000248890,0.011957205,0.303984347,0.016255636,0.11645937,0.007865854,0.043585366,0.002474107,0.136041264,0.127659575,0.127659575,0.0,0.0,0.0,0.215957966,0.0,0.001242009,0.001061391,0.001449516,0.0,0.000181016,0.000140851,0.066982075,0.072220874,0.008330113,0.00023534,0.00027784,7.7e-05,5.3e-05,0.000126285,0.0,0.000110794,0.00011091,0.000688043,0.0,1.93e-05,0.0,0.0,6.54e-05,0.001383043,0.000745743,0.006588359,0.00022847,0.0,0.017154925,0.002637449,0.0,0.0,0.008275997,0.020301126,0.0,0.0,0.000370607,0.0,0.001590222,0.0,0.002294878,0.002152644,0.741787773,0,1,0,0,0,0,0,0,0,0,0,0.0,0,0,0,0,0,0,0,0,0,0,0,0,0,1,0,0,0,0,0,0
ENSG00000260083,0.012974687,0.563144788,0.019072261,0.344480538,0.029354167,0.216309524,0.102342238,0.07615894,0.114238411,0.040286976,0.0,0.0,0.0,0.221227187,0.0,0.00113358,0.005469113,0.005390388,0.001856909,0.000782702,0.000394382,0.001344711,0.001874107,0.000205588,0.000656762,0.006372395,0.004006086,0.005006523,0.000203739,0.001362098,0.000732205,0.004103679,0.000808302,0.00386977,0.000800418,0.004102718,0.001499672,0.004925556,0.002250666,0.001215285,0.001392967,0.000629621,0.0,0.003445143,0.0030475,0.000578987,0.001196958,0.000242224,0.001128019,0.0,0.0,0.001559105,0.000323998,0.001845945,0.003081621,0.003857,0.005473229,0.588712221,0,0,0,0,0,0,1,0,0,0,0,0.0,0,0,0,0,0,0,0,1,1,0,1,0,0,0,0,0,0,0,0,0
ENSG00000247134,0.031644148,0.284774102,0.007609253,0.010361927,0.051184426,0.088809426,0.276722131,0.0,0.0,0.093175853,0.0,0.0,0.0,0.27919,0.0,0.019502506,0.029932705,0.00983708,0.006461176,0.001840752,0.001301863,0.000337938,0.000383853,0.0,0.0,0.0,0.0,0.0,0.000176799,0.002104006,0.002138811,0.001020374,0.001679692,0.003030796,0.000357351,0.005772205,0.0,0.0,0.008547376,0.002803441,0.0,0.0,0.0,0.005592458,0.00055767,5.9e-05,4.54e-05,0.002652933,0.003750422,0.0,0.007547478,0.001482428,0.000813808,0.001577759,0.0,0.001748271,0.001605163,0.821139648,0,0,1,0,0,0,0,0,0,0,0,0.0,0,0,0,0,0,0,0,1,0,0,1,0,0,0,0,0,0,0,0,0
ENSG00000272455,0.000947176,0.505158307,0.015884453,0.755993715,0.15198883,0.142761498,0.201342495,0.0,0.0,0.0,0.0,0.0,0.0,0.216442629,0.008183875,0.001227224,0.007665603,0.00794969,0.004571689,0.00195803,0.00120528,0.00133767,0.001033017,0.001414368,0.00301837,0.005216222,0.002298364,0.009086698,0.000444522,0.000979551,0.001339165,0.004342136,0.002722599,0.0,0.003166662,0.004501859,0.007149161,0.003883432,0.001778198,0.0,0.0,0.002491917,0.0,0.001746168,0.001157985,0.003620307,0.001191615,0.005196288,0.001073386,0.004229377,0.0,0.004779553,0.003207584,0.000246173,0.000608836,0.000673313,0.000848392,0.435791664,0,1,0,0,0,0,0,0,0,0,0,0.0,1,0,0,1,1,0,0,0,0,0,0,0,0,0,0,0,0,0,0,0
ENSG00000226696,0.002711333,0.481323372,0.012882237,0.0,0.014604545,0.029590909,0.078427426,0.009630819,0.016051364,0.0,0.189054726,0.099502488,0.0,0.215984014,0.009613692,0.003711243,0.007938321,0.011460236,0.004740006,0.00169033,0.002219405,0.002633098,0.001247523,0.002394717,0.005109064,0.006408246,0.003055925,0.007318858,0.001121408,0.0,0.001175382,0.005334783,0.003534844,0.0,0.006275375,0.003277569,0.012751276,0.00334134,0.005583713,0.028241566,0.002575107,0.01519857,0.002054136,0.004990738,0.001446661,0.009678914,0.001031308,0.017774651,0.002744525,0.01672471,0.008544143,0.002415335,0.0,0.001093684,0.0,0.002953092,0.004483455,0.444077429,0,0,0,0,0,0,1,0,0,0,0,0.0,1,0,0,0,1,0,0,0,0,0,0,0,0,0,0,0,0,0,0,0
ENSG00000272379,0.000263647,0.295090715,0.004421446,0.0,0.694995763,0.724019068,0.654663402,0.716101695,0.745762712,0.758474576,0.47761194,0.492537313,0.368159204,0.37492189,0.0,0.000349931,0.001945884,0.000634163,0.000890448,0.000364581,0.000237434,0.000788521,0.0,0.001246852,0.00104261,0.001640152,0.00029532,0.00028639,0.000333392,0.0,0.000346834,0.000909464,0.001267655,0.0,0.0,0.000944124,0.000276113,0.0,0.000188987,0.00237533,0.0,0.001782597,0.0,0.0,0.00032148,0.001317468,0.0,0.0,4.82e-05,0.082603422,0.0,0.0,0.0,0.014051923,0.0,0.01770598,0.015154056,0.785147879,0,0,0,0,0,0,1,0,0,0,0,0.0,0,0,0,0,0,0,0,0,0,0,0,0,0,1,0,0,0,0,0,0
ENSG00000280079,0.000990792,0.320526503,0.0,0.0,0.157606042,0.060313405,0.173062144,0.099433606,0.0,0.0,0.621890547,0.0,0.0,0.221520368,0.0,0.0,0.00114984,0.000596415,0.0,0.00375799,0.002931708,0.001633366,0.001800724,0.000559656,0.0,0.0,0.0,0.0,8.08e-05,0.0,0.0,0.000715371,0.000100545,0.0,0.0,0.0,0.0,0.00178049,0.0,0.0,0.000105414,0.001519591,0.0,0.000342155,0.000459257,0.000209746,0.000603823,0.0,0.0,0.00039292,0.0,0.0,0.0,0.0,0.0,0.0,0.0,0.0,0,0,0,1,0,0,0,0,0,0,0,0.0,0,0,1,0,0,0,0,0,0,0,0,0,0,0,0,0,0,0,0,0
ENSG00000237310,0.001107317,0.594094628,0.005152895,0.0,0.424342466,0.314219178,0.51687613,0.078066915,0.0,0.171003718,0.0,0.0,0.0,0.236222643,0.013198968,0.007013411,0.00305887,0.007270229,0.020556313,0.003072169,0.00159765,0.004871936,0.004194162,0.000236045,0.001291633,0.011364553,0.011722938,0.005480304,0.000372119,0.002643049,0.001801611,0.024300434,0.000981792,0.0,0.00133403,0.0,0.001134229,0.001518791,0.025057985,0.019706951,0.006362473,0.000419747,0.0,0.006005404,0.015729563,0.0,0.005068371,0.0,0.000954478,0.000471015,0.0,0.000830671,0.0,0.001924267,0.000771035,0.002276695,0.002031043,0.803358507,0,0,1,0,0,0,0,0,0,0,0,0.0,0,0,0,0,0,0,0,0,0,0,0,0,0,0,0,0,0,0,0,0
ENSG00000278989,0.001491396,0.278726432,0.0,0.0,0.136604326,0.247660305,0.336473337,0.073791349,0.121289228,0.0,0.0,0.0,0.0,0.217008762,0.0,0.000640719,1.47e-05,0.0,7.06e-05,7.65e-06,2.41e-05,0.000584351,0.000174992,0.000999385,0.0,0.0,0.0,0.0,2.53e-05,0.0,0.0,0.00032164,5.91e-06,0.0,0.000381496,0.000437521,0.0,0.0,0.000188987,0.003203933,0.0,3.19e-05,0.0,0.00022417,9.19e-05,0.000596466,0.0,0.0,0.0,0.0,0.0,2.56e-05,0.00012007,0.0,0.0,0.0,0.0,0.0,0,0,1,0,0,0,0,0,0,0,0,0.0,0,0,0,0,1,0,0,1,0,0,0,0,0,0,0,0,0,0,0,0
ENSG00000275549,0.002090297,0.788865173,0.0,0.0,0.045131737,0.167874251,0.207474732,0.085444903,0.103712434,0.128461992,0.0,0.0,0.0,0.216568436,0.000154575,0.0,3.69e-05,0.0,0.0,7.9e-05,0.000513099,7.04e-05,1.69e-05,0.0,0.000487099,0.000125476,2.57e-05,0.0,0.0,0.0,1.45e-05,0.000266185,0.000605241,0.0,0.0,0.0,0.000851348,0.0,0.000103084,0.001256715,0.0,0.002847905,0.000129217,0.0,0.0,0.0007647,3.21e-05,0.000576725,0.0,0.002032932,0.0,0.000115016,0.000857643,0.0,0.0,0.0,0.0,0.0,0,0,0,0,0,0,1,0,0,0,0,0.0,0,0,0,0,0,0,0,0,0,0,0,0,0,0,0,0,0,0,0,0
ENSG00000278156,0.002911184,0.59889719,0.0,0.0,0.130483685,0.145480965,0.148431059,0.213665316,0.194267516,0.199768385,0.945273632,0.905472637,0.800995025,0.216296316,1.72e-05,0.000172501,2.21e-05,0.0,0.000591822,0.000183565,0.000434625,0.000457624,0.0,0.000637703,0.000155981,5.38e-05,3.85e-05,0.0,6.4e-05,0.0,5.78e-05,0.000443641,2.96e-05,5.24e-05,0.000134007,0.000103623,0.0,0.000453301,0.000240529,0.001671017,0.0,0.001307061,0.000390727,0.000507333,0.000141058,0.001177638,0.000109543,0.000692069,7.39e-05,0.000890781,0.0,6.39e-05,0.0,0.0,0.0,0.0,0.0,0.0,0,0,0,0,0,0,1,0,0,0,0,0.0,1,0,0,0,0,0,0,0,0,0,0,0,0,1,0,0,0,0,0,0
ENSG00000249476,0.058055717,0.380469584,0.05898536,0.183465619,0.043990513,0.101474652,0.162473285,0.02158405,0.041156027,0.033656484,0.0,0.0,0.0,0.21825963,1.29e-05,8.38e-05,0.000471729,0.000113243,4.34e-05,5.1e-06,2.82e-05,0.000260494,6.21e-05,0.000706232,0.000363956,0.000358503,1.93e-05,2.47e-05,0.000106079,0.0,6.26e-05,0.000183002,0.000522439,1.57e-05,7.97e-05,8.06e-05,0.0,0.000112157,0.0,0.000441922,0.0,0.000387868,0.0,0.000235969,0.0,0.00037361,5.34e-06,7.5e-05,0.0,0.0,0.0,0.0,0.0,9.36e-05,5.16e-05,0.000110918,0.000100642,0.802846945,0,0,1,0,0,0,0,0,0,0,0,0.0,1,0,0,0,1,1,1,1,0,0,0,0,0,1,0,0,0,0,1,1
ENSG00000273723,0.000590439,0.315368196,0.0,0.0,0.145856263,0.162298768,0.185180676,0.100616016,0.0,0.0,0.0,0.0,0.0,0.216067701,0.0,0.000906864,0.0070612,0.002113878,0.001487699,0.000828593,0.00020524,0.0,0.000762062,0.000451151,0.000383111,0.001971768,0.000674101,0.003235147,0.000116182,0.0,0.000332383,0.001236649,0.000780702,0.001048718,0.0,0.0036959,0.000457481,0.001364575,0.000927755,0.0,6.78e-05,0.000982952,0.0,0.00082589,0.000472379,0.001018143,0.000285881,0.001384139,0.000494914,0.0,0.0,0.000472843,0.0,0.0,0.0,0.0,0.0,0.0,0,1,0,0,0,0,0,0,0,0,0,0.0,0,0,0,0,0,0,0,1,0,0,0,0,0,0,0,0,0,0,0,0
ENSG00000237021,0.00160727,0.237815724,0.021976222,0.017617391,0.066576458,0.09807567,0.099108514,0.038480038,0.012506013,0.0,0.134328358,0.0,0.0,0.215957966,0.0,8.87e-05,0.000427505,0.000135892,0.000130309,3.31e-05,2.01e-05,0.000126727,8.47e-05,0.000133251,0.0,0.000367466,0.0,0.00018032,2.86e-05,0.0,0.0,0.000238457,0.000118288,5.24e-05,0.000102618,0.000502765,6.5e-05,0.000271046,0.0,0.0,0.0,0.000215187,0.0,7.08e-05,0.0,0.0,2.14e-05,0.000853552,2.57e-05,0.0,0.0,2.56e-05,0.0,9.93e-05,0.0,0.000142946,0.000119907,0.742711161,0,0,0,0,0,0,0,1,0,0,0,0.0,0,0,0,0,0,0,0,0,0,1,1,0,0,1,0,1,0,0,0,0
ENSG00000273329,0.004566626,0.451440768,0.076583806,0.146607437,0.057708557,0.086234538,0.094549881,0.039254448,0.023580909,0.007766168,0.547263682,0.572139304,0.562189055,0.215971821,0.000961799,0.001212438,0.001297256,0.000943695,0.000760138,0.000257501,0.000211276,0.000556189,0.000203216,0.000592017,0.001329944,0.001613265,0.000378781,0.00130113,0.000316554,5.22e-05,0.000279394,0.00243448,0.000530325,0.000398513,0.0011131,0.001803814,0.001058433,0.002570262,0.000970707,0.003811576,0.000128002,0.0022847,0.0,0.000448341,0.000410051,0.001494442,0.000317942,0.001384139,0.000205679,0.001564357,0.000253697,0.00028115,0.000707079,0.00012778,0.000197265,0.000288249,0.000320881,0.549309064,0,1,0,0,0,0,0,0,0,0,0,0.0,1,0,0,0,0,1,0,1,1,1,1,0,0,0,0,0,0,0,1,1
ENSG00000223891,0.009764703,0.442369264,0.023122523,0.257460221,0.063365672,0.138779436,0.157901549,0.04266055,0.038073395,0.016972477,0.472636816,0.174129353,0.353233831,0.215995376,0.0,0.003055738,0.002653478,0.002989627,0.003474918,0.001009609,0.000309872,0.002710542,0.002472467,0.000247467,0.000859264,0.010306968,0.009360374,0.00114556,0.000156593,0.00107229,0.000698485,0.006804343,0.000167575,0.001782821,0.000211272,0.001228129,0.000116401,0.002350621,0.002955073,0.001049564,0.001415556,0.000417091,0.0,0.00271364,0.00216179,0.000375795,0.001915668,0.000657466,0.001407613,0.00143257,0.009731081,0.000984026,0.000325904,0.006167804,0.007945852,0.011447107,0.013799055,0.644014197,0,1,0,0,0,0,0,0,0,0,0,0.0,1,0,0,0,0,0,0,1,0,0,1,0,0,1,0,0,0,0,0,0
ENSG00000272948,0.000420533,0.644610459,0.006910556,0.0,0.05128892,0.093525947,0.034479299,0.051893408,0.065918654,0.0,0.094527363,0.0,0.0,0.215986231,0.001661679,0.000123215,0.000714965,0.001064488,0.0,0.000130025,0.000191155,0.000119686,8.47e-05,9.52e-05,0.000186083,0.000233027,0.0002247,0.000519745,0.0,0.0,0.0,0.000171911,0.0,0.000372295,0.0,0.0,0.000347848,0.0,0.000618504,0.001187665,0.0,0.001330971,0.0,0.0,8.53e-05,0.000439156,0.00024046,0.000911225,0.0,0.0,0.0,0.0,0.0,2.85e-05,0.0,5.49e-05,6.49e-05,0.627103463,0,0,0,0,0,0,1,0,0,0,0,0.0,0,0,0,0,0,0,0,0,0,0,0,0,0,0,0,0,0,0,0,0
ENSG00000273729,0.002225701,0.564923515,0.0,0.0,0.293339071,0.320983936,0.360185314,0.288869765,0.307228916,0.281985083,0.412935323,1.0,0.407960199,0.216118689,0.000218981,0.00032036,0.000442246,0.00069456,0.001009898,0.000244754,0.000833032,0.000542108,0.000163702,0.000399754,0.000311962,0.000259915,0.00011556,0.0,5.39e-05,3.48e-05,7.23e-05,0.000210729,0.000757044,0.000230718,0.000544478,0.000345411,0.000208438,0.000565458,0.000979297,0.007015509,0.000180709,0.002736327,0.000438927,0.000448341,7.22e-05,0.000779994,0.00022443,0.00046138,0.0,0.000563754,0.0,0.000166134,0.0,0.0,0.0,0.0,0.0,0.0,0,0,0,0,0,0,1,0,0,0,0,0.0,1,0,0,0,0,0,0,0,0,0,1,0,0,1,0,0,0,0,0,1
ENSG00000244625,0.069897698,0.451796514,0.030338759,0.390496684,0.022842105,0.011520124,0.007162759,0.008471585,0.010942464,0.044828803,0.0,0.0,0.0,0.227613432,0.003615332,0.002769878,0.015161678,0.015959776,0.002063233,0.000382428,0.000378285,0.004329827,0.004713493,0.0021206,0.0,0.000941071,0.000481501,0.004175638,0.001178658,0.00152439,0.002201434,0.006621341,0.003404727,0.0,0.000938047,0.001888248,0.001641789,0.00215902,0.002714543,0.004529699,0.002258866,0.002414875,0.0,0.004176646,0.002352054,0.003792911,0.000980544,0.003944796,0.002458503,0.004251342,0.015076834,0.000792332,0.0,0.001555578,0.0,0.003536932,0.004453289,0.54507127,0,0,1,0,0,0,0,0,0,0,0,0.0,1,1,0,0,1,1,0,0,0,0,1,0,0,0,0,0,0,0,1,0
ENSG00000269609,0.0073053,0.543578798,0.061048701,0.112390747,0.027790698,0.002093023,0.042108295,0.025999293,0.026883622,0.034665723,0.0,0.0,0.0,0.216028629,0.041005251,0.003134595,0.02635051,0.032561265,0.018807994,0.005700722,0.005062578,0.001457356,0.000925764,0.000325514,0.008072704,0.021519158,0.01321238,0.026291319,0.000654997,0.001941714,0.001994297,0.006765525,0.010665647,0.014356952,0.011267425,0.015908105,0.0160714,0.013837354,0.004836354,0.00499924,0.000316241,0.019993783,0.0,0.001227037,0.001571316,0.00304569,0.006535179,0.003864054,0.001381903,0.006496597,0.002754422,0.008306709,0.007520574,0.004063572,0.005350431,0.010614884,0.015466003,0.46490228,1,0,0,0,0,0,0,0,0,0,0,0.0,1,0,1,1,0,1,0,1,0,0,1,0,0,1,0,0,0,0,0,0
ENSG00000283078,0.00100251,0.537175382,0.0,0.0,0.002501556,0.045588675,0.196242518,0.0,0.025513379,0.0,0.0,0.203980099,0.0,0.216231195,0.000124519,0.0,0.000361168,0.0,0.000271478,4.33e-05,0.00010262,0.000126727,0.000152412,0.000140866,0.000552775,0.000609456,0.00026322,0.0,0.0,1.74e-05,8.67e-05,0.0,0.000346979,0.000225474,0.000692971,0.000564172,0.000232801,0.000682288,0.000163216,0.000524782,0.0,0.002669911,8.61e-05,0.000294961,0.000114814,0.000412938,0.00034466,0.0,0.00013819,0.0,0.0,0.000191693,0.0,0.0,0.0,0.0,0.0,0.0,0,1,0,0,0,0,0,0,0,0,0,0.0,0,0,0,0,0,0,0,0,0,0,0,0,0,1,0,0,0,0,0,0
ENSG00000273432,0.043728945,0.548025614,0.021921637,0.0954585,0.573288889,0.334711111,0.501510666,0.327527818,0.292694727,0.346879536,0.383084577,0.199004975,0.288557214,0.241640394,0.000283387,0.000345003,0.000508583,0.000422776,0.00024433,0.000112179,0.000195179,0.000302736,0.000254021,0.000458765,0.000714229,0.000860408,0.000436561,0.0,0.000242467,0.000144904,0.000375737,0.001103557,0.000270091,0.000251692,0.000327169,0.00021876,0.000263932,0.000387876,0.000618504,0.002637721,0.0,0.000866061,0.000430722,0.000743301,0.000305078,0.00197948,0.000109543,0.000536354,3.86e-05,0.0,0.0,6.39e-05,1.72e-05,0.000301328,0.0,0.000608371,0.000672606,0.605405162,0,0,0,0,0,0,1,0,0,0,0,0.0,0,0,0,0,0,0,0,0,0,0,1,0,0,0,0,0,0,0,0,0
ENSG00000279692,0.000955639,0.73621487,0.0,0.0,0.249274919,0.253104235,0.27688812,0.252117264,0.242345277,0.235830619,0.034825871,0.218905473,0.0,0.216411316,0.0,0.000157715,0.0,0.0,0.0,0.000130025,0.000185118,0.000689956,0.000491106,5.71e-05,0.00138741,0.003522294,0.004673767,0.0,3.37e-06,0.0,1.45e-05,0.000216275,0.0,0.0,0.000488943,0.0,4.06e-06,0.000383203,0.001872691,0.003010592,0.000730367,0.000398494,8e-05,0.000401147,0.000705288,0.001101168,0.000844283,0.0,0.0,0.0,0.0,0.001329073,0.0,0.0,0.0,0.0,0.0,0.0,0,0,0,0,0,0,1,0,0,0,0,0.0,0,0,0,0,0,0,0,0,0,0,0,0,0,1,0,0,0,0,0,0
ENSG00000279313,0.002145631,0.299359658,0.0,0.0,0.010731034,0.004310345,0.021719609,0.090604027,0.0,0.0,0.0,0.0,0.0,0.335073391,0.0,0.000290788,0.0,0.000188739,0.000325774,0.000127476,0.0,0.0,0.000124188,0.0,0.0,0.0,0.00023112,0.0,0.0,0.0,0.0,0.0,0.0,0.000461436,0.0,0.000610226,2.03e-05,0.000654248,0.000180397,0.0,0.0,0.0,0.0,0.0,0.000147618,0.0,8.02e-05,0.001055406,0.000600967,0.0,0.0,0.000460064,0.0,0.0,0.0,0.0,0.0,0.0,0,0,0,1,0,0,0,0,0,0,0,0.0,0,0,0,0,0,0,0,1,0,0,0,0,0,0,0,0,0,0,0,0
ENSG00000249673,0.017428042,0.525080043,0.077806526,0.093646182,0.009502604,0.007997396,0.012492183,0.02573376,0.01391014,0.030880512,0.0,0.0,0.114427861,0.223186622,0.0,0.002493876,0.003773835,0.008183726,0.008122621,0.001652088,0.001903497,0.004639603,0.004002235,0.000970831,0.00145035,0.003791172,0.003800646,0.001654698,0.006422,0.026459473,0.014933138,0.023657154,0.003714247,0.0,0.002253968,0.002037926,0.001478017,0.006570523,0.00892535,0.014238168,0.017272796,0.005528443,0.00108501,0.016128461,0.005002624,0.005868524,0.005664178,0.005928728,0.007327302,0.004268425,0.009604233,0.015463259,0.003371489,0.001752027,0.004554623,0.005492444,0.008479752,0.341105664,0,0,0,0,0,0,1,0,0,0,0,0.0,1,0,1,0,1,0,0,0,1,1,1,0,0,0,0,0,0,0,0,0
ENSG00000250742,0.010629205,0.545891142,0.014203212,0.0,0.060450742,0.093249663,0.057215077,0.075888985,0.0160451,0.0,0.572139304,0.437810945,0.034825871,0.233349858,0.0,0.0,0.0,0.001608057,0.0,2.8e-05,1.61e-05,0.0,0.000316115,0.0,0.0,0.000107551,0.00012198,1.06e-05,0.001394183,0.01061277,0.00294809,0.035591096,0.0,2.1e-05,1.21e-05,0.0,0.0,0.0,0.001709475,0.002154369,0.000135532,1.06e-05,0.0,0.0,0.008643879,0.004697441,0.0,0.0,0.0,0.0,0.001549362,2.56e-05,0.0,0.003282062,6.79e-05,0.005274092,0.006930333,0.70298723,0,0,0,0,1,0,0,0,0,0,0,0.0,1,0,0,0,0,0,0,0,1,0,0,0,0,0,0,0,0,0,0,0
ENSG00000267106,0.015973752,0.418534329,0.0,0.0,0.04059065,0.06252439,0.127229315,0.0,0.0,0.0,0.0,0.0,0.0,0.215977364,0.00278664,0.001587012,0.00515954,0.006590768,0.007921727,0.001779564,0.001589601,0.00514651,0.004137713,0.000380718,0.000654026,0.00413175,0.004532527,0.001651163,0.000858736,0.011372067,0.010289414,0.016337078,0.000798445,0.00223377,0.0,0.0,0.000347848,0.002173039,0.001735246,0.0,0.0,0.00094576,0.0,0.017438088,0.004668023,0.001837464,0.001595054,0.002520286,0.002754166,0.000214764,0.007692447,0.000779553,0.0,0.002413929,0.002761859,0.005986702,0.00839567,0.496198178,0,1,0,0,0,0,0,0,0,0,0,0.0,1,0,1,0,0,1,0,1,0,0,0,0,0,0,0,0,0,0,0,0
ENSG00000260917,0.002713937,0.506937033,0.045513597,0.343538403,0.108690746,0.147644948,0.121489175,0.10694051,0.116619452,0.069877243,0.52238806,0.781094527,0.621890547,0.217263702,0.000824399,0.001887657,0.002351276,0.001766598,0.000879589,0.000186115,0.000460783,0.001922021,0.001208009,0.001717039,0.001598122,0.002249608,0.000975842,0.000919277,0.000904199,0.000927386,0.001074223,0.004419773,0.002075957,0.001636,0.00097185,0.001673325,0.000684868,0.001289804,0.000910575,0.005620693,0.001046608,0.001227362,0.000477897,0.002513067,0.001066133,0.001697633,0.000253819,0.001551389,0.000469204,0.00301157,0.005019571,0.002722045,0.002409023,0.00049008,0.001526156,0.001454566,0.002219476,0.380631427,0,0,1,0,0,0,0,0,0,0,0,0.0,1,0,0,0,0,0,0,0,0,0,1,0,0,1,0,0,0,0,0,1
ENSG00000268573,0.006032634,0.363571683,0.047096584,0.536583514,0.010271429,0.276871429,0.154900384,0.007534247,0.077853881,0.020319635,0.07960199,0.184079602,0.064676617,0.215960737,0.002988446,0.000517504,0.003479004,0.00327651,0.001808043,0.000481859,0.000374261,0.00075332,0.000445947,0.000350261,0.000831899,0.00142505,0.000629161,0.002425477,0.000180166,0.00027242,0.000322748,0.000454732,0.00089899,0.0,0.00040202,0.001301049,0.000896014,0.000289739,0.000601323,0.000870034,0.000278593,0.000231127,9.43e-05,0.000637116,0.000118095,0.000161679,0.000157635,0.001903191,0.000665242,0.001871859,0.002527907,0.000702875,0.000484092,0.000338854,8.2e-05,0.000636437,0.000782402,0.638742154,0,0,0,0,0,0,0,1,0,0,0,0.0,1,0,1,0,1,0,0,1,0,0,0,0,0,0,0,0,0,0,1,0
ENSG00000279196,0.002325952,0.722518677,0.0,0.0,0.24643956,0.333615385,0.298385667,0.27032967,0.334340659,0.296428571,0.0,0.0,0.0,0.216797605,0.0,5.91e-05,3.69e-05,4.53e-05,0.000260619,6.12e-05,0.000311884,0.0,0.0,0.0,0.000369429,0.000125476,0.0,0.0,4.55e-05,0.0,0.0,0.000471369,0.000169546,0.0,0.000135214,4.99e-05,0.000125875,6.54e-05,0.000180397,0.003977296,0.0,0.000199247,0.001317805,0.000837689,0.0,0.002388048,5.34e-06,0.0003345,0.0,0.0,0.0,0.0,7.24e-05,0.0,0.0,0.0,0.0,0.0,0,0,0,0,0,0,1,0,0,0,0,0.0,1,0,0,0,0,0,0,0,0,0,0,0,0,1,0,0,0,0,0,0
ENSG00000275854,0.0004316,0.146389185,0.0,0.0,0.192287671,0.375132877,0.321316919,0.18630137,0.297260274,0.263013699,0.0,0.07960199,0.0,0.232148592,7.73e-05,0.001315939,0.0,3.77e-05,0.0,0.000196313,1.41e-05,0.00019009,0.000191927,0.0,0.000164191,0.000779745,0.0,0.000562173,0.0,0.0,0.0,0.0,0.000345007,0.0,5.19e-05,0.0,0.000169187,0.000528072,0.00027489,0.000704313,6.78e-05,0.001062651,0.0,0.000578123,0.000121375,0.000146385,3.47e-05,0.00186282,0.0,0.000439289,0.0,0.000166134,0.000627032,0.0,0.0,0.0,0.0,0.0,0,0,0,0,0,0,1,0,0,0,0,0.0,0,0,0,0,0,0,0,0,0,0,0,0,0,0,0,0,0,0,0,0
